dim1,dim2,label
16512,128,a
17280,128,a
17536,128,a
17792,128,a
18048,128,a
18304,128,a
39040,128,a
39296,128,a
39552,128,a
39808,128,a
52864,128,a
54144,128,a
54400,128,a
54656,128,a
54912,128,a
55168,128,a
55424,128,a
55680,128,a
56192,128,a
64896,128,a
65152,128,a
66688,128,a
66944,128,a
89216,128,a
37504,384,a
37760,384,a
38272,384,a
38784,384,a
39040,384,a
39296,384,a
39552,384,a
54400,384,a
54656,384,a
54912,384,a
55168,384,a
55424,384,a
55680,384,a
55936,384,a
56192,384,a
88960,384,a
120192,384,a
120448,384,a
38528,640,a
38784,640,a
39040,640,a
39296,640,a
39552,640,a
54656,640,a
54912,640,a
55168,640,a
55424,640,a
55936,640,a
88448,640,a
88704,640,a
38016,896,a
38272,896,a
38528,896,a
38784,896,a
39040,896,a
39296,896,a
54656,896,a
88448,896,a
88704,896,a
37248,1152,a
37504,1152,a
37760,1152,a
38016,1152,a
38272,1152,a
38528,1152,a
38784,1152,a
39040,1152,a
88192,1152,a
37248,1408,a
37504,1408,a
37760,1408,a
38016,1408,a
38272,1408,a
39040,1408,a
87936,1408,a
88192,1408,a
37248,1664,a
37504,1664,a
37760,1664,a
38016,1664,a
38272,1664,a
38528,1664,a
87424,1664,a
88192,1664,a
37248,1920,a
37760,1920,a
38016,1920,a
87168,1920,a
34176,2176,a
35712,2176,a
35968,2176,a
36224,2176,a
36480,2176,a
37248,2176,a
37504,2176,a
37760,2176,a
38016,2176,a
87168,2176,a
34432,2432,a
35712,2432,a
35968,2432,a
36224,2432,a
36480,2432,a
37504,2432,a
37760,2432,a
82816,2432,a
36224,2688,a
84608,2688,a
84864,2688,a
85120,2688,a
35712,3712,a
48512,3712,a
48768,3712,a
48512,3968,a
48768,3968,a
65920,4480,a
65664,5504,a
65408,5760,a
65152,6016,a
65408,6016,a
65920,6016,a
65152,6272,a
92032,7040,a
89216,8320,a
106368,8576,a
106624,8576,a
113792,8832,a
114048,8832,a
113792,9088,a
121728,9344,a
121984,9344,a
120704,10368,a
87424,10624,a
120448,10624,a
120704,10624,a
87680,10880,a
87424,11136,a
87680,11136,a
119680,11136,a
119936,11136,a
119680,11392,a
119936,11392,a
119424,11904,a
58752,12160,a
119424,12160,a
119168,12672,a
118912,12928,a
119168,12928,a
118656,13184,a
118912,13184,a
118656,13440,a
82816,13952,a
118144,13952,a
118400,13952,a
50304,14208,a
118144,14208,a
118144,14464,a
24448,14720,a
24704,14720,a
117888,14720,a
117888,14976,a
118144,15232,a
118400,15232,a
14464,15488,a
35456,15488,a
118144,15488,a
119936,15488,a
21888,15744,a
25728,15744,a
114048,15744,a
118144,15744,a
118144,16000,a
118400,16000,a
118912,16256,a
118912,16512,a
69760,16768,a
119168,16768,a
2688,17024,a
112256,17024,a
2432,17280,a
6528,17280,a
96384,18304,a
5504,19328,a
41344,19584,a
99968,19584,a
100224,19840,a
91008,20096,a
91776,20096,l
92032,20096,l
92288,20096,l
92544,20096,l
92800,20096,l
100480,20096,a
118912,20096,a
91008,20352,a
91776,20352,l
92032,20352,l
92288,20352,l
92544,20352,l
92800,20352,l
93056,20352,l
94336,20352,l
94592,20352,l
94848,20352,l
95104,20352,l
95360,20352,l
95616,20352,l
95872,20352,l
100480,20352,a
100736,20352,a
118912,20352,a
3968,20608,a
91520,20608,l
91776,20608,l
92032,20608,l
92288,20608,l
92544,20608,l
92800,20608,l
93056,20608,l
93312,20608,l
93568,20608,l
93824,20608,l
94080,20608,l
94336,20608,l
94592,20608,l
94848,20608,l
95104,20608,l
95360,20608,l
95616,20608,l
95872,20608,l
96128,20608,l
96384,20608,l
96640,20608,l
96896,20608,l
97152,20608,l
97408,20608,l
100480,20608,a
100736,20608,a
107392,20608,a
107904,20608,a
118912,20608,a
40832,20864,a
91776,20864,l
92032,20864,l
92288,20864,l
92544,20864,l
92800,20864,l
93056,20864,l
93312,20864,l
93568,20864,l
93824,20864,l
94080,20864,l
94336,20864,l
94592,20864,l
94848,20864,l
95104,20864,l
95360,20864,l
95616,20864,l
95872,20864,l
96128,20864,l
96384,20864,l
96640,20864,l
96896,20864,l
97152,20864,l
97408,20864,l
97664,20864,l
97920,20864,l
98432,20864,l
105344,20864,a
106880,20864,a
119168,20864,a
92032,21120,l
92288,21120,l
92544,21120,l
92800,21120,l
93056,21120,l
93312,21120,l
93568,21120,l
93824,21120,l
94080,21120,l
94336,21120,l
94592,21120,l
94848,21120,l
95104,21120,l
95616,21120,l
95872,21120,l
96128,21120,l
96384,21120,l
96640,21120,l
96896,21120,l
97152,21120,l
97408,21120,l
97664,21120,l
97920,21120,l
98176,21120,l
98432,21120,l
98688,21120,l
98944,21120,l
99200,21120,l
99456,21120,l
99712,21120,l
99968,21120,l
105344,21120,a
105600,21120,a
106880,21120,a
3712,21376,a
3968,21376,a
85376,21376,l
85632,21376,l
85888,21376,l
92032,21376,l
92288,21376,l
92544,21376,l
92800,21376,l
93056,21376,l
93312,21376,l
93568,21376,l
94080,21376,l
94336,21376,l
94592,21376,l
94848,21376,l
95104,21376,l
95616,21376,l
95872,21376,l
96128,21376,l
96384,21376,l
96640,21376,l
96896,21376,l
97152,21376,l
97408,21376,l
97664,21376,l
97920,21376,l
98176,21376,l
98432,21376,l
98688,21376,l
98944,21376,l
99200,21376,l
99456,21376,l
99712,21376,l
99968,21376,l
100224,21376,l
100480,21376,l
105344,21376,a
107648,21376,l
107904,21376,l
109184,21376,l
118912,21376,a
3712,21632,a
3968,21632,a
85120,21632,l
85376,21632,l
85632,21632,l
85888,21632,l
90496,21632,l
90752,21632,l
91008,21632,l
91776,21632,l
92544,21632,l
92800,21632,l
93056,21632,l
93312,21632,l
93568,21632,l
93824,21632,l
94080,21632,l
94336,21632,l
94592,21632,l
94848,21632,l
95104,21632,l
95616,21632,l
96128,21632,l
96384,21632,l
96640,21632,l
96896,21632,l
97152,21632,l
97408,21632,l
97664,21632,l
97920,21632,l
98176,21632,l
98432,21632,l
98688,21632,l
98944,21632,l
99200,21632,l
99456,21632,l
99712,21632,l
99968,21632,l
100224,21632,l
100480,21632,l
105344,21632,a
106368,21632,a
107392,21632,l
107648,21632,l
107904,21632,l
109184,21632,l
84864,21888,l
85120,21888,l
85376,21888,l
85632,21888,l
87168,21888,l
87424,21888,l
87680,21888,l
87936,21888,l
88192,21888,l
88448,21888,l
90496,21888,l
90752,21888,l
91008,21888,l
91264,21888,l
91520,21888,l
91776,21888,l
93312,21888,l
93568,21888,l
93824,21888,l
94080,21888,l
94336,21888,l
94592,21888,l
94848,21888,l
95104,21888,l
95616,21888,l
96128,21888,l
96384,21888,l
96640,21888,l
96896,21888,l
97152,21888,l
97408,21888,l
97664,21888,l
97920,21888,l
98176,21888,l
98432,21888,l
98688,21888,l
98944,21888,l
99200,21888,l
99456,21888,l
99712,21888,l
99968,21888,l
100224,21888,l
105088,21888,a
105344,21888,a
106368,21888,a
107392,21888,l
107648,21888,l
107904,21888,l
84864,22144,l
85120,22144,l
85376,22144,l
85632,22144,l
85888,22144,l
86144,22144,l
86400,22144,l
86656,22144,l
86912,22144,l
87168,22144,l
87424,22144,l
87680,22144,l
87936,22144,l
88192,22144,l
88448,22144,l
88704,22144,l
90496,22144,l
90752,22144,l
91008,22144,l
91264,22144,l
91520,22144,l
91776,22144,l
93568,22144,l
93824,22144,l
94080,22144,l
94336,22144,l
94592,22144,l
94848,22144,l
95104,22144,l
95360,22144,l
95616,22144,l
96128,22144,l
96384,22144,l
96640,22144,l
96896,22144,l
97152,22144,l
97408,22144,l
97664,22144,l
97920,22144,l
98176,22144,l
98432,22144,l
98688,22144,l
98944,22144,l
99200,22144,l
99456,22144,l
99712,22144,l
99968,22144,l
100224,22144,l
105088,22144,a
105344,22144,a
107136,22144,l
107392,22144,l
107648,22144,l
107904,22144,l
109952,22144,l
110208,22144,l
81536,22400,l
83840,22400,l
84096,22400,l
84864,22400,l
85120,22400,l
85376,22400,l
85632,22400,l
85888,22400,l
86144,22400,l
86400,22400,l
86656,22400,l
86912,22400,l
87168,22400,l
87424,22400,l
87680,22400,l
87936,22400,l
88192,22400,l
88448,22400,l
88704,22400,l
88960,22400,l
89728,22400,l
89984,22400,l
90240,22400,l
90496,22400,l
90752,22400,l
91008,22400,l
91264,22400,l
91520,22400,l
91776,22400,l
92032,22400,l
93568,22400,l
93824,22400,l
94080,22400,l
94336,22400,l
94592,22400,l
94848,22400,l
95104,22400,l
95360,22400,l
95616,22400,l
96128,22400,l
96384,22400,l
96640,22400,l
96896,22400,l
97152,22400,l
97408,22400,l
97664,22400,l
97920,22400,l
98176,22400,l
98432,22400,l
98688,22400,l
98944,22400,l
99200,22400,l
99456,22400,l
99712,22400,l
106880,22400,l
107136,22400,l
107392,22400,l
107648,22400,l
107904,22400,l
108160,22400,l
110720,22400,l
110976,22400,l
80768,22656,l
81024,22656,l
81280,22656,l
81536,22656,l
82304,22656,l
82560,22656,l
82816,22656,l
83072,22656,l
83328,22656,l
83584,22656,l
83840,22656,l
84096,22656,l
84352,22656,l
84608,22656,l
84864,22656,l
85120,22656,l
85376,22656,l
85632,22656,l
85888,22656,l
86144,22656,l
86400,22656,l
86656,22656,l
86912,22656,l
87168,22656,l
87424,22656,l
87680,22656,l
87936,22656,l
88192,22656,l
88448,22656,l
88704,22656,l
88960,22656,l
89216,22656,l
89472,22656,l
89728,22656,l
89984,22656,l
90240,22656,l
90496,22656,l
90752,22656,l
91008,22656,l
91264,22656,l
91520,22656,l
91776,22656,l
92032,22656,l
92288,22656,l
92544,22656,l
92800,22656,l
93056,22656,l
93312,22656,l
93568,22656,l
93824,22656,l
94080,22656,l
94336,22656,l
94592,22656,l
94848,22656,l
95104,22656,l
95360,22656,l
95616,22656,l
95872,22656,l
96128,22656,l
96384,22656,l
96640,22656,l
96896,22656,l
97152,22656,l
97408,22656,l
97664,22656,l
97920,22656,l
98176,22656,l
98432,22656,l
98688,22656,l
98944,22656,l
99200,22656,l
107136,22656,l
107392,22656,l
107648,22656,l
107904,22656,l
108160,22656,l
118912,22656,a
80256,22912,l
80512,22912,l
80768,22912,l
81024,22912,l
81280,22912,l
81792,22912,l
82048,22912,l
82304,22912,l
82560,22912,l
82816,22912,l
83072,22912,l
83328,22912,l
83584,22912,l
83840,22912,l
84096,22912,l
84352,22912,l
84608,22912,l
84864,22912,l
85120,22912,l
85376,22912,l
85632,22912,l
85888,22912,l
86144,22912,l
86400,22912,l
86656,22912,l
86912,22912,l
87168,22912,l
87424,22912,l
87680,22912,l
87936,22912,l
88192,22912,l
88448,22912,l
88704,22912,l
88960,22912,l
89216,22912,l
89472,22912,l
89728,22912,l
89984,22912,l
90240,22912,l
90496,22912,l
90752,22912,l
91008,22912,l
91264,22912,l
91520,22912,l
91776,22912,l
92032,22912,l
92288,22912,l
92544,22912,l
92800,22912,l
93056,22912,l
93312,22912,l
93568,22912,l
93824,22912,l
94080,22912,l
94336,22912,l
94592,22912,l
94848,22912,l
95104,22912,l
95360,22912,l
95616,22912,l
95872,22912,l
96128,22912,l
96384,22912,l
96640,22912,l
96896,22912,l
97152,22912,l
97408,22912,l
97664,22912,l
97920,22912,l
98176,22912,l
98432,22912,l
98688,22912,l
98944,22912,l
107136,22912,l
107392,22912,l
107648,22912,l
107904,22912,l
108160,22912,l
108416,22912,l
118144,22912,a
118400,22912,a
118656,22912,a
79744,23168,l
80000,23168,l
80256,23168,l
80512,23168,l
80768,23168,l
81024,23168,l
82048,23168,l
82304,23168,l
82560,23168,l
82816,23168,l
83072,23168,l
83328,23168,l
83584,23168,l
83840,23168,l
84096,23168,l
84352,23168,l
84608,23168,l
84864,23168,l
85120,23168,l
85376,23168,l
85632,23168,l
85888,23168,l
86144,23168,l
86400,23168,l
86656,23168,l
86912,23168,l
87168,23168,l
87424,23168,l
87680,23168,l
87936,23168,l
88192,23168,l
88448,23168,l
88704,23168,l
88960,23168,l
89216,23168,l
89472,23168,l
89728,23168,l
89984,23168,l
90240,23168,l
90496,23168,l
90752,23168,l
91008,23168,l
91264,23168,l
91520,23168,l
91776,23168,l
92032,23168,l
92288,23168,l
92544,23168,l
92800,23168,l
93056,23168,l
93312,23168,l
93568,23168,l
93824,23168,l
94080,23168,l
94336,23168,l
94592,23168,l
94848,23168,l
95104,23168,l
95360,23168,l
95616,23168,l
95872,23168,l
96128,23168,l
96384,23168,l
96640,23168,l
96896,23168,l
97152,23168,l
97408,23168,l
97664,23168,l
97920,23168,l
98176,23168,l
98432,23168,l
98688,23168,l
107136,23168,l
107648,23168,l
107904,23168,l
108160,23168,l
108416,23168,l
114304,23168,a
117376,23168,a
117632,23168,a
117888,23168,a
79232,23424,l
79488,23424,l
79744,23424,l
80000,23424,l
80256,23424,l
80768,23424,l
81792,23424,l
82048,23424,l
82304,23424,l
82560,23424,l
82816,23424,l
83072,23424,l
83328,23424,l
83584,23424,l
83840,23424,l
84096,23424,l
84352,23424,l
84608,23424,l
84864,23424,l
85120,23424,l
85376,23424,l
85632,23424,l
85888,23424,l
86144,23424,l
86400,23424,l
86656,23424,l
86912,23424,l
87168,23424,l
87424,23424,l
87680,23424,l
87936,23424,l
88192,23424,l
88448,23424,l
88704,23424,l
88960,23424,l
89216,23424,l
89472,23424,l
89728,23424,l
89984,23424,l
90240,23424,l
90496,23424,l
90752,23424,l
91008,23424,l
91264,23424,l
91520,23424,l
91776,23424,l
92032,23424,l
92288,23424,l
92544,23424,l
92800,23424,l
93056,23424,l
93312,23424,l
93568,23424,l
93824,23424,l
94080,23424,l
94336,23424,l
94592,23424,l
94848,23424,l
95104,23424,l
95360,23424,l
95616,23424,l
95872,23424,l
96128,23424,l
96384,23424,l
96640,23424,l
96896,23424,l
97152,23424,l
97408,23424,l
97664,23424,l
97920,23424,l
98176,23424,l
104832,23424,a
105088,23424,a
107136,23424,l
107392,23424,l
107648,23424,l
107904,23424,l
108160,23424,l
108416,23424,l
108672,23424,l
116608,23424,a
77952,23680,l
78208,23680,l
78464,23680,l
78720,23680,l
78976,23680,l
79232,23680,l
79488,23680,l
79744,23680,l
80000,23680,l
80256,23680,l
81536,23680,l
81792,23680,l
82048,23680,l
82304,23680,l
82560,23680,l
82816,23680,l
83072,23680,l
83328,23680,l
83584,23680,l
83840,23680,l
84096,23680,l
84352,23680,l
84608,23680,l
84864,23680,l
85120,23680,l
85376,23680,l
85632,23680,l
85888,23680,l
86144,23680,l
86400,23680,l
86656,23680,l
86912,23680,l
87168,23680,l
87424,23680,l
87680,23680,l
87936,23680,l
88192,23680,l
88448,23680,l
88704,23680,l
88960,23680,l
89216,23680,l
89472,23680,l
89728,23680,l
89984,23680,l
92032,23680,l
92288,23680,l
92544,23680,l
92800,23680,l
93056,23680,l
93312,23680,l
93568,23680,l
93824,23680,l
94080,23680,l
94336,23680,l
94592,23680,l
94848,23680,l
95104,23680,l
95360,23680,l
95616,23680,l
95872,23680,l
96128,23680,l
96384,23680,l
96640,23680,l
96896,23680,l
97152,23680,l
97408,23680,l
97664,23680,l
97920,23680,l
107136,23680,l
107392,23680,l
107648,23680,l
107904,23680,l
108160,23680,l
108416,23680,l
108672,23680,l
108928,23680,l
109184,23680,l
116352,23680,a
77696,23936,l
77952,23936,l
78208,23936,l
78464,23936,l
78720,23936,l
78976,23936,l
79232,23936,l
79488,23936,l
79744,23936,l
80000,23936,l
80256,23936,l
80512,23936,l
80768,23936,l
81024,23936,l
81280,23936,l
81536,23936,l
81792,23936,l
82048,23936,l
82304,23936,l
82560,23936,l
82816,23936,l
83072,23936,l
83328,23936,l
83584,23936,l
83840,23936,l
84096,23936,l
84352,23936,l
84608,23936,l
84864,23936,l
85120,23936,l
85376,23936,l
85632,23936,l
85888,23936,l
86144,23936,l
86400,23936,l
86656,23936,l
86912,23936,l
87168,23936,l
87424,23936,l
87680,23936,l
87936,23936,l
88192,23936,l
88448,23936,l
88704,23936,l
88960,23936,l
89216,23936,l
89472,23936,l
89728,23936,l
89984,23936,l
90240,23936,l
92288,23936,l
92544,23936,l
92800,23936,l
93056,23936,l
93312,23936,l
93568,23936,l
93824,23936,l
94080,23936,l
94336,23936,l
94592,23936,l
94848,23936,l
95104,23936,l
95616,23936,l
96128,23936,l
96384,23936,l
96640,23936,l
96896,23936,l
97152,23936,l
97408,23936,l
107136,23936,l
107392,23936,l
107648,23936,l
107904,23936,l
108160,23936,l
108416,23936,l
108672,23936,l
108928,23936,l
109184,23936,l
109440,23936,l
109696,23936,l
109952,23936,l
110208,23936,l
110464,23936,l
113792,23936,a
114048,23936,a
114304,23936,a
115840,23936,a
116096,23936,a
77184,24192,l
77440,24192,l
77696,24192,l
77952,24192,l
78208,24192,l
78464,24192,l
78720,24192,l
78976,24192,l
79232,24192,l
79488,24192,l
79744,24192,l
80000,24192,l
80256,24192,l
80512,24192,l
80768,24192,l
81024,24192,l
81280,24192,l
81536,24192,l
81792,24192,l
82048,24192,l
82304,24192,l
82560,24192,l
82816,24192,l
83072,24192,l
83328,24192,l
83584,24192,l
83840,24192,l
84096,24192,l
84352,24192,l
84608,24192,l
84864,24192,l
85120,24192,l
85376,24192,l
85632,24192,l
85888,24192,l
86144,24192,l
86400,24192,l
86656,24192,l
86912,24192,l
87168,24192,l
87424,24192,l
87680,24192,l
87936,24192,l
88192,24192,l
88448,24192,l
88704,24192,l
88960,24192,l
89216,24192,l
89472,24192,l
89728,24192,l
89984,24192,l
90240,24192,l
90496,24192,l
90752,24192,l
92032,24192,l
92288,24192,l
92544,24192,l
92800,24192,l
93312,24192,l
93568,24192,l
93824,24192,l
94080,24192,l
94336,24192,l
94848,24192,l
95104,24192,l
96384,24192,l
96640,24192,l
96896,24192,l
107136,24192,l
107392,24192,l
107648,24192,l
107904,24192,l
108160,24192,l
108416,24192,l
108672,24192,l
108928,24192,l
109184,24192,l
109440,24192,l
109952,24192,l
113792,24192,a
114048,24192,a
114304,24192,a
76928,24448,l
77184,24448,l
77440,24448,l
77696,24448,l
77952,24448,l
78208,24448,l
78464,24448,l
78720,24448,l
78976,24448,l
79232,24448,l
79488,24448,l
79744,24448,l
80000,24448,l
80256,24448,l
80512,24448,l
80768,24448,l
81024,24448,l
81280,24448,l
81536,24448,l
81792,24448,l
82048,24448,l
82304,24448,l
82560,24448,l
82816,24448,l
83072,24448,l
83328,24448,l
83584,24448,l
83840,24448,l
84096,24448,l
84352,24448,l
84608,24448,l
84864,24448,l
85120,24448,l
85376,24448,l
85632,24448,l
85888,24448,l
86144,24448,l
86400,24448,l
86656,24448,l
86912,24448,l
87168,24448,l
87424,24448,l
87680,24448,l
87936,24448,l
88192,24448,l
88448,24448,l
88704,24448,l
88960,24448,l
89216,24448,l
89472,24448,l
89728,24448,l
89984,24448,l
90240,24448,l
90496,24448,l
90752,24448,l
91008,24448,l
91264,24448,l
91520,24448,l
91776,24448,l
92032,24448,l
92288,24448,l
93312,24448,l
107136,24448,l
107392,24448,l
107648,24448,l
107904,24448,l
108160,24448,l
108416,24448,l
108672,24448,l
114048,24448,a
4736,24704,a
5248,24704,a
76928,24704,l
77184,24704,l
77440,24704,l
77696,24704,l
77952,24704,l
78208,24704,l
78464,24704,l
78720,24704,l
78976,24704,l
79232,24704,l
79488,24704,l
79744,24704,l
80000,24704,l
80256,24704,l
80512,24704,l
80768,24704,l
81024,24704,l
81280,24704,l
81536,24704,l
81792,24704,l
82048,24704,l
82304,24704,l
82560,24704,l
82816,24704,l
83072,24704,l
83328,24704,l
83584,24704,l
83840,24704,l
84096,24704,l
84352,24704,l
84608,24704,l
84864,24704,l
85120,24704,l
85376,24704,l
85632,24704,l
85888,24704,l
86144,24704,l
86400,24704,l
86656,24704,l
86912,24704,l
87168,24704,l
87424,24704,l
87680,24704,l
87936,24704,l
88192,24704,l
88448,24704,l
88704,24704,l
88960,24704,l
89216,24704,l
89472,24704,l
89728,24704,l
89984,24704,l
90240,24704,l
90496,24704,l
90752,24704,l
91008,24704,l
91264,24704,l
91520,24704,l
91776,24704,l
92032,24704,l
92288,24704,l
92544,24704,l
92800,24704,l
93056,24704,l
105088,24704,a
107392,24704,l
107648,24704,l
108672,24704,l
114048,24704,a
114304,24704,a
76928,24960,l
77184,24960,l
77440,24960,l
77696,24960,l
77952,24960,l
78208,24960,l
78464,24960,l
78720,24960,l
78976,24960,l
79232,24960,l
79488,24960,l
79744,24960,l
80000,24960,l
80256,24960,l
80512,24960,l
80768,24960,l
81024,24960,l
81280,24960,l
81536,24960,l
81792,24960,l
82048,24960,l
82304,24960,l
82560,24960,l
82816,24960,l
83072,24960,l
83328,24960,l
83584,24960,l
83840,24960,l
84096,24960,l
84352,24960,l
84608,24960,l
84864,24960,l
85120,24960,l
85376,24960,l
85632,24960,l
85888,24960,l
86144,24960,l
86400,24960,l
86656,24960,l
86912,24960,l
87168,24960,l
87424,24960,l
87680,24960,l
87936,24960,l
88192,24960,l
88448,24960,l
88704,24960,l
88960,24960,l
89216,24960,l
89472,24960,l
89728,24960,l
89984,24960,l
90240,24960,l
90496,24960,l
91008,24960,l
91264,24960,l
91520,24960,l
91776,24960,l
92032,24960,l
92288,24960,l
92544,24960,l
92800,24960,l
93056,24960,l
93312,24960,l
105088,24960,a
114048,24960,a
1664,25216,a
26752,25216,l
27008,25216,l
27264,25216,l
27520,25216,l
27776,25216,l
28032,25216,l
28288,25216,l
28544,25216,l
28800,25216,l
76672,25216,l
76928,25216,l
77184,25216,l
77440,25216,l
77696,25216,l
77952,25216,l
78208,25216,l
78464,25216,l
78720,25216,l
78976,25216,l
79232,25216,l
79488,25216,l
79744,25216,l
80000,25216,l
80256,25216,l
80512,25216,l
80768,25216,l
81024,25216,l
81280,25216,l
81536,25216,l
81792,25216,l
82048,25216,l
82304,25216,l
82560,25216,l
82816,25216,l
83072,25216,l
83328,25216,l
83584,25216,l
83840,25216,l
84096,25216,l
84352,25216,l
84608,25216,l
84864,25216,l
85120,25216,l
85376,25216,l
85632,25216,l
85888,25216,l
86144,25216,l
86400,25216,l
87424,25216,l
87680,25216,l
87936,25216,l
88192,25216,l
88448,25216,l
88704,25216,l
88960,25216,l
89216,25216,l
89472,25216,l
89728,25216,l
89984,25216,l
90240,25216,l
90496,25216,l
90752,25216,l
91008,25216,l
91264,25216,l
91520,25216,l
91776,25216,l
92032,25216,l
92288,25216,l
92544,25216,l
92800,25216,l
93056,25216,l
93824,25216,l
94080,25216,l
114304,25216,a
26240,25472,l
26496,25472,l
26752,25472,l
27008,25472,l
27264,25472,l
27520,25472,l
27776,25472,l
28032,25472,l
28288,25472,l
28544,25472,l
28800,25472,l
29056,25472,l
29312,25472,l
29568,25472,l
29824,25472,l
30080,25472,l
76672,25472,l
76928,25472,l
77184,25472,l
77440,25472,l
77696,25472,l
77952,25472,l
78208,25472,l
78464,25472,l
78720,25472,l
78976,25472,l
79232,25472,l
79488,25472,l
79744,25472,l
80000,25472,l
80256,25472,l
80512,25472,l
80768,25472,l
81024,25472,l
81280,25472,l
81536,25472,l
81792,25472,l
82048,25472,l
82304,25472,l
82560,25472,l
82816,25472,l
83072,25472,l
83328,25472,l
83584,25472,l
83840,25472,l
84096,25472,l
84352,25472,l
84608,25472,l
84864,25472,l
85120,25472,l
85376,25472,l
85632,25472,l
85888,25472,l
86144,25472,l
86400,25472,l
87424,25472,l
87680,25472,l
87936,25472,l
88192,25472,l
88448,25472,l
88704,25472,l
88960,25472,l
89216,25472,l
89472,25472,l
89728,25472,l
89984,25472,l
90240,25472,l
90496,25472,l
90752,25472,l
91008,25472,l
91264,25472,l
91520,25472,l
91776,25472,l
92032,25472,l
92288,25472,l
92544,25472,l
92800,25472,l
93056,25472,l
93312,25472,l
93824,25472,l
94080,25472,l
104832,25472,a
114304,25472,a
114560,25472,a
120704,25472,a
25728,25728,l
25984,25728,l
26240,25728,l
26496,25728,l
26752,25728,l
27008,25728,l
27264,25728,l
27520,25728,l
27776,25728,l
28032,25728,l
28288,25728,l
28544,25728,l
28800,25728,l
29056,25728,l
29312,25728,l
29568,25728,l
29824,25728,l
30080,25728,l
30336,25728,l
76416,25728,l
76672,25728,l
76928,25728,l
77184,25728,l
77440,25728,l
77696,25728,l
77952,25728,l
78208,25728,l
78464,25728,l
78720,25728,l
78976,25728,l
79232,25728,l
79488,25728,l
79744,25728,l
80000,25728,l
80256,25728,l
80512,25728,l
80768,25728,l
81024,25728,l
81280,25728,l
81536,25728,l
81792,25728,l
82048,25728,l
82304,25728,l
82560,25728,l
82816,25728,l
83072,25728,l
83328,25728,l
83584,25728,l
83840,25728,l
84096,25728,l
84352,25728,l
84608,25728,l
84864,25728,l
85120,25728,l
85376,25728,l
85632,25728,l
85888,25728,l
86144,25728,l
86400,25728,l
86656,25728,l
87424,25728,l
87680,25728,l
87936,25728,l
88192,25728,l
88448,25728,l
88704,25728,l
88960,25728,l
89216,25728,l
89472,25728,l
89728,25728,l
89984,25728,l
90240,25728,l
90496,25728,l
90752,25728,l
91008,25728,l
91264,25728,l
91520,25728,l
91776,25728,l
92032,25728,l
92288,25728,l
92544,25728,l
92800,25728,l
93056,25728,l
93312,25728,l
93568,25728,l
93824,25728,l
25472,25984,l
25728,25984,l
25984,25984,l
26240,25984,l
26496,25984,l
26752,25984,l
27008,25984,l
27264,25984,l
27520,25984,l
27776,25984,l
28032,25984,l
28288,25984,l
28544,25984,l
28800,25984,l
29056,25984,l
29312,25984,l
29568,25984,l
29824,25984,l
30080,25984,l
30336,25984,l
30592,25984,l
30848,25984,l
76160,25984,l
76416,25984,l
76672,25984,l
76928,25984,l
77440,25984,l
77696,25984,l
77952,25984,l
78208,25984,l
78464,25984,l
78720,25984,l
78976,25984,l
79232,25984,l
79488,25984,l
79744,25984,l
80000,25984,l
80256,25984,l
80512,25984,l
80768,25984,l
81024,25984,l
81280,25984,l
81536,25984,l
81792,25984,l
82048,25984,l
82304,25984,l
82560,25984,l
82816,25984,l
83072,25984,l
83328,25984,l
83584,25984,l
83840,25984,l
84096,25984,l
84352,25984,l
84608,25984,l
84864,25984,l
85120,25984,l
85376,25984,l
85632,25984,l
85888,25984,l
86144,25984,l
86400,25984,l
86656,25984,l
86912,25984,l
87424,25984,l
87680,25984,l
87936,25984,l
88192,25984,l
88448,25984,l
88704,25984,l
88960,25984,l
89216,25984,l
89472,25984,l
89728,25984,l
89984,25984,l
90240,25984,l
90496,25984,l
90752,25984,l
91008,25984,l
92544,25984,l
92800,25984,l
93056,25984,l
93312,25984,l
25216,26240,l
25472,26240,l
25728,26240,l
25984,26240,l
26240,26240,l
26496,26240,l
26752,26240,l
27008,26240,l
27264,26240,l
27520,26240,l
27776,26240,l
28032,26240,l
28288,26240,l
28544,26240,l
28800,26240,l
29056,26240,l
29312,26240,l
29568,26240,l
29824,26240,l
30080,26240,l
30336,26240,l
30592,26240,l
30848,26240,l
75904,26240,l
76160,26240,l
76416,26240,l
76672,26240,l
76928,26240,l
77440,26240,l
77696,26240,l
77952,26240,l
78208,26240,l
78464,26240,l
78720,26240,l
78976,26240,l
79232,26240,l
79488,26240,l
79744,26240,l
80000,26240,l
80256,26240,l
80512,26240,l
80768,26240,l
81024,26240,l
81280,26240,l
81536,26240,l
81792,26240,l
82048,26240,l
82304,26240,l
82560,26240,l
82816,26240,l
83072,26240,l
83328,26240,l
83584,26240,l
83840,26240,l
84096,26240,l
84352,26240,l
84608,26240,l
84864,26240,l
85120,26240,l
85376,26240,l
85632,26240,l
85888,26240,l
86144,26240,l
86400,26240,l
86656,26240,l
86912,26240,l
87168,26240,l
87424,26240,l
87680,26240,l
87936,26240,l
88192,26240,l
88448,26240,l
88704,26240,l
88960,26240,l
89216,26240,l
89472,26240,l
89728,26240,l
90752,26240,l
91008,26240,l
91264,26240,l
92544,26240,l
92800,26240,l
93312,26240,l
93568,26240,l
107904,26240,a
119680,26240,a
119936,26240,a
4736,26496,a
24704,26496,l
24960,26496,l
25216,26496,l
25472,26496,l
25728,26496,l
25984,26496,l
26240,26496,l
26496,26496,l
26752,26496,l
27008,26496,l
27264,26496,l
27520,26496,l
27776,26496,l
28032,26496,l
28288,26496,l
28544,26496,l
28800,26496,l
29056,26496,l
29312,26496,l
29568,26496,l
29824,26496,l
30080,26496,l
30336,26496,l
30592,26496,l
30848,26496,l
31104,26496,l
75904,26496,l
76160,26496,l
76416,26496,l
76672,26496,l
76928,26496,l
77184,26496,l
77440,26496,l
77696,26496,l
77952,26496,l
78208,26496,l
78464,26496,l
78720,26496,l
78976,26496,l
79232,26496,l
79488,26496,l
79744,26496,l
80000,26496,l
80256,26496,l
80512,26496,l
80768,26496,l
81024,26496,l
81280,26496,l
81536,26496,l
81792,26496,l
82304,26496,l
82560,26496,l
82816,26496,l
83072,26496,l
83328,26496,l
83584,26496,l
83840,26496,l
84096,26496,l
84352,26496,l
84608,26496,l
84864,26496,l
85120,26496,l
85376,26496,l
85632,26496,l
85888,26496,l
86144,26496,l
86400,26496,l
86656,26496,l
86912,26496,l
87168,26496,l
87424,26496,l
87680,26496,l
87936,26496,l
88192,26496,l
88448,26496,l
88704,26496,l
88960,26496,l
89216,26496,l
89472,26496,l
89728,26496,l
92544,26496,l
119680,26496,a
24448,26752,l
24704,26752,l
24960,26752,l
25216,26752,l
25472,26752,l
25728,26752,l
25984,26752,l
26240,26752,l
26496,26752,l
26752,26752,l
27008,26752,l
27264,26752,l
27520,26752,l
27776,26752,l
28032,26752,l
28288,26752,l
28544,26752,l
28800,26752,l
29056,26752,l
29312,26752,l
29568,26752,l
29824,26752,l
30080,26752,l
30336,26752,l
30592,26752,l
30848,26752,l
31104,26752,l
31360,26752,l
75904,26752,l
76160,26752,l
76416,26752,l
76672,26752,l
77184,26752,l
77440,26752,l
77696,26752,l
77952,26752,l
78208,26752,l
78464,26752,l
78720,26752,l
78976,26752,l
79232,26752,l
79488,26752,l
79744,26752,l
80000,26752,l
80256,26752,l
80512,26752,l
80768,26752,l
81024,26752,l
81280,26752,l
81536,26752,l
81792,26752,l
82048,26752,l
82304,26752,l
82560,26752,l
82816,26752,l
83072,26752,l
83328,26752,l
83584,26752,l
83840,26752,l
84096,26752,l
84352,26752,l
84608,26752,l
84864,26752,l
85120,26752,l
85376,26752,l
85632,26752,l
85888,26752,l
86144,26752,l
86400,26752,l
86656,26752,l
86912,26752,l
87168,26752,l
87424,26752,l
87680,26752,l
87936,26752,l
88192,26752,l
88448,26752,l
88704,26752,l
88960,26752,l
89216,26752,l
89472,26752,l
89728,26752,l
92800,26752,l
119680,26752,a
24192,27008,l
24448,27008,l
24704,27008,l
24960,27008,l
25216,27008,l
25472,27008,l
25728,27008,l
25984,27008,l
26240,27008,l
26496,27008,l
26752,27008,l
27008,27008,l
27264,27008,l
27520,27008,l
27776,27008,l
28032,27008,l
28288,27008,l
28544,27008,l
28800,27008,l
29056,27008,l
29312,27008,l
29568,27008,l
29824,27008,l
30080,27008,l
30336,27008,l
30592,27008,l
30848,27008,l
31104,27008,l
31360,27008,l
75904,27008,l
76160,27008,l
76416,27008,l
76672,27008,l
76928,27008,l
77184,27008,l
77440,27008,l
77696,27008,l
77952,27008,l
78208,27008,l
78464,27008,l
78720,27008,l
78976,27008,l
79232,27008,l
79488,27008,l
79744,27008,l
80000,27008,l
80256,27008,l
80512,27008,l
80768,27008,l
81024,27008,l
81280,27008,l
81536,27008,l
81792,27008,l
82048,27008,l
82304,27008,l
82560,27008,l
82816,27008,l
83072,27008,l
83328,27008,l
83584,27008,l
83840,27008,l
84096,27008,l
84352,27008,l
84608,27008,l
84864,27008,l
85120,27008,l
85376,27008,l
85632,27008,l
85888,27008,l
86144,27008,l
86400,27008,l
86656,27008,l
86912,27008,l
87168,27008,l
87424,27008,l
87680,27008,l
87936,27008,l
88192,27008,l
88448,27008,l
88704,27008,l
88960,27008,l
89216,27008,l
89472,27008,l
89728,27008,l
89984,27008,l
90240,27008,l
90752,27008,l
91008,27008,l
91264,27008,l
119680,27008,a
23680,27264,l
23936,27264,l
24192,27264,l
24448,27264,l
24704,27264,l
24960,27264,l
25216,27264,l
25472,27264,l
25728,27264,l
25984,27264,l
26240,27264,l
26496,27264,l
26752,27264,l
27008,27264,l
27264,27264,l
27520,27264,l
27776,27264,l
28032,27264,l
28288,27264,l
28544,27264,l
28800,27264,l
29056,27264,l
29312,27264,l
29568,27264,l
29824,27264,l
30080,27264,l
30336,27264,l
30592,27264,l
30848,27264,l
31104,27264,l
31360,27264,l
75648,27264,l
75904,27264,l
76160,27264,l
76928,27264,l
77184,27264,l
77440,27264,l
77696,27264,l
77952,27264,l
78208,27264,l
78464,27264,l
78720,27264,l
78976,27264,l
79232,27264,l
79488,27264,l
79744,27264,l
80000,27264,l
80256,27264,l
80512,27264,l
80768,27264,l
81024,27264,l
81280,27264,l
81536,27264,l
81792,27264,l
82048,27264,l
82304,27264,l
82560,27264,l
82816,27264,l
83072,27264,l
83328,27264,l
83584,27264,l
83840,27264,l
84096,27264,l
84352,27264,l
84608,27264,l
84864,27264,l
85120,27264,l
85376,27264,l
85632,27264,l
85888,27264,l
86144,27264,l
86400,27264,l
86656,27264,l
86912,27264,l
87168,27264,l
87424,27264,l
87680,27264,l
87936,27264,l
88192,27264,l
88448,27264,l
88704,27264,l
88960,27264,l
89216,27264,l
89472,27264,l
89728,27264,l
89984,27264,l
90240,27264,l
90496,27264,l
90752,27264,l
91008,27264,l
91264,27264,l
91520,27264,l
104576,27264,a
23424,27520,l
23680,27520,l
23936,27520,l
24192,27520,l
24448,27520,l
24704,27520,l
24960,27520,l
25216,27520,l
25472,27520,l
25728,27520,l
25984,27520,l
26240,27520,l
26496,27520,l
26752,27520,l
27008,27520,l
27264,27520,l
27520,27520,l
27776,27520,l
28032,27520,l
28288,27520,l
28544,27520,l
28800,27520,l
29056,27520,l
29312,27520,l
29568,27520,l
29824,27520,l
30080,27520,l
30336,27520,l
30592,27520,l
30848,27520,l
31104,27520,l
31360,27520,l
31616,27520,l
76928,27520,l
77184,27520,l
77440,27520,l
77696,27520,l
77952,27520,l
78208,27520,l
78464,27520,l
78720,27520,l
78976,27520,l
79232,27520,l
79488,27520,l
79744,27520,l
80000,27520,l
80256,27520,l
80512,27520,l
80768,27520,l
81024,27520,l
81280,27520,l
81536,27520,l
81792,27520,l
82048,27520,l
82304,27520,l
82560,27520,l
82816,27520,l
83072,27520,l
83328,27520,l
83584,27520,l
83840,27520,l
84096,27520,l
84352,27520,l
84608,27520,l
84864,27520,l
85120,27520,l
85376,27520,l
85632,27520,l
85888,27520,l
86144,27520,l
86400,27520,l
86656,27520,l
86912,27520,l
87168,27520,l
87424,27520,l
87680,27520,l
87936,27520,l
88192,27520,l
88448,27520,l
88704,27520,l
88960,27520,l
89216,27520,l
89472,27520,l
89728,27520,l
89984,27520,l
90240,27520,l
90496,27520,l
90752,27520,l
91008,27520,l
91264,27520,l
91520,27520,l
104576,27520,a
118400,27520,a
118656,27520,a
4992,27776,a
5248,27776,a
23424,27776,l
23680,27776,l
23936,27776,l
24192,27776,l
24448,27776,l
24704,27776,l
24960,27776,l
25216,27776,l
25472,27776,l
25728,27776,l
25984,27776,l
26240,27776,l
26496,27776,l
26752,27776,l
27008,27776,l
27264,27776,l
27520,27776,l
27776,27776,l
28032,27776,l
28288,27776,l
28544,27776,l
28800,27776,l
29056,27776,l
29312,27776,l
29568,27776,l
29824,27776,l
30080,27776,l
30336,27776,l
30592,27776,l
30848,27776,l
31104,27776,l
31360,27776,l
31616,27776,l
75392,27776,l
75648,27776,l
75904,27776,l
76672,27776,l
76928,27776,l
77184,27776,l
77440,27776,l
77696,27776,l
77952,27776,l
78208,27776,l
78464,27776,l
78720,27776,l
78976,27776,l
79232,27776,l
79488,27776,l
79744,27776,l
80000,27776,l
80256,27776,l
80512,27776,l
80768,27776,l
81024,27776,l
81280,27776,l
81536,27776,l
81792,27776,l
82048,27776,l
82304,27776,l
82560,27776,l
82816,27776,l
83072,27776,l
83328,27776,l
83584,27776,l
83840,27776,l
84096,27776,l
84352,27776,l
84608,27776,l
84864,27776,l
85120,27776,l
85376,27776,l
85632,27776,l
85888,27776,l
86144,27776,l
86400,27776,l
86656,27776,l
86912,27776,l
87168,27776,l
87424,27776,l
87680,27776,l
87936,27776,l
88192,27776,l
88448,27776,l
88704,27776,l
88960,27776,l
89216,27776,l
89472,27776,l
89728,27776,l
89984,27776,l
90240,27776,l
90496,27776,l
90752,27776,l
91008,27776,l
91264,27776,l
91520,27776,l
1664,28032,a
1920,28032,a
23424,28032,l
23680,28032,l
23936,28032,l
24192,28032,l
24448,28032,l
24704,28032,l
24960,28032,l
25216,28032,l
25472,28032,l
25728,28032,l
25984,28032,l
26240,28032,l
26496,28032,l
26752,28032,l
27008,28032,l
27264,28032,l
27520,28032,l
27776,28032,l
28032,28032,l
28288,28032,l
28544,28032,l
28800,28032,l
29056,28032,l
29312,28032,l
29568,28032,l
29824,28032,l
30080,28032,l
30336,28032,l
30592,28032,l
30848,28032,l
31104,28032,l
31360,28032,l
31616,28032,l
31872,28032,l
75392,28032,l
75648,28032,l
75904,28032,l
76160,28032,l
76416,28032,l
76672,28032,l
76928,28032,l
77184,28032,l
77440,28032,l
77696,28032,l
77952,28032,l
78208,28032,l
78464,28032,l
78720,28032,l
78976,28032,l
79232,28032,l
79488,28032,l
79744,28032,l
80000,28032,l
80256,28032,l
80512,28032,l
80768,28032,l
81024,28032,l
81280,28032,l
81536,28032,l
81792,28032,l
82048,28032,l
82304,28032,l
82560,28032,l
82816,28032,l
83072,28032,l
83328,28032,l
83584,28032,l
83840,28032,l
84096,28032,l
84352,28032,l
84608,28032,l
84864,28032,l
85120,28032,l
85376,28032,l
85632,28032,l
85888,28032,l
86144,28032,l
86400,28032,l
86656,28032,l
86912,28032,l
87168,28032,l
87424,28032,l
87680,28032,l
87936,28032,l
88192,28032,l
88448,28032,l
88704,28032,l
88960,28032,l
89216,28032,l
89472,28032,l
89728,28032,l
89984,28032,l
90240,28032,l
90496,28032,l
90752,28032,l
91008,28032,l
91264,28032,l
104832,28032,a
23424,28288,l
23680,28288,l
23936,28288,l
24192,28288,l
24448,28288,l
24704,28288,l
24960,28288,l
25216,28288,l
25472,28288,l
25728,28288,l
25984,28288,l
26240,28288,l
26496,28288,l
26752,28288,l
27008,28288,l
27264,28288,l
27520,28288,l
27776,28288,l
28032,28288,l
28288,28288,l
28544,28288,l
28800,28288,l
29056,28288,l
29312,28288,l
29568,28288,l
29824,28288,l
30080,28288,l
30336,28288,l
30592,28288,l
30848,28288,l
31104,28288,l
31360,28288,l
31616,28288,l
31872,28288,l
75392,28288,l
75648,28288,l
75904,28288,l
76160,28288,l
76416,28288,l
76672,28288,l
76928,28288,l
77184,28288,l
77440,28288,l
77696,28288,l
77952,28288,l
78208,28288,l
78464,28288,l
78720,28288,l
78976,28288,l
79232,28288,l
79488,28288,l
79744,28288,l
80000,28288,l
80256,28288,l
80512,28288,l
80768,28288,l
81024,28288,l
81280,28288,l
81536,28288,l
81792,28288,l
82048,28288,l
82304,28288,l
82560,28288,l
82816,28288,l
83072,28288,l
83328,28288,l
83584,28288,l
83840,28288,l
84096,28288,l
84352,28288,l
84608,28288,l
84864,28288,l
85120,28288,l
85376,28288,l
85632,28288,l
85888,28288,l
86144,28288,l
86400,28288,l
86656,28288,l
86912,28288,l
87168,28288,l
87424,28288,l
87680,28288,l
87936,28288,l
88192,28288,l
88448,28288,l
88704,28288,l
88960,28288,l
89216,28288,l
89472,28288,l
89728,28288,l
89984,28288,l
90240,28288,l
90496,28288,l
90752,28288,l
91008,28288,l
91264,28288,l
105344,28288,a
117632,28288,a
23168,28544,l
23424,28544,l
23680,28544,l
23936,28544,l
24192,28544,l
24448,28544,l
24704,28544,l
24960,28544,l
25216,28544,l
25472,28544,l
25728,28544,l
25984,28544,l
26240,28544,l
26496,28544,l
26752,28544,l
27008,28544,l
27264,28544,l
27520,28544,l
27776,28544,l
28032,28544,l
28288,28544,l
28544,28544,l
28800,28544,l
29056,28544,l
29312,28544,l
29568,28544,l
29824,28544,l
30080,28544,l
30336,28544,l
30592,28544,l
30848,28544,l
31104,28544,l
31360,28544,l
31616,28544,l
31872,28544,l
32128,28544,l
75392,28544,l
75648,28544,l
75904,28544,l
76160,28544,l
76416,28544,l
76672,28544,l
76928,28544,l
77184,28544,l
77440,28544,l
77696,28544,l
77952,28544,l
78208,28544,l
78464,28544,l
78720,28544,l
78976,28544,l
79232,28544,l
79488,28544,l
79744,28544,l
80000,28544,l
80256,28544,l
80512,28544,l
80768,28544,l
81024,28544,l
81280,28544,l
81536,28544,l
81792,28544,l
82048,28544,l
82304,28544,l
82560,28544,l
82816,28544,l
83072,28544,l
83328,28544,l
83584,28544,l
83840,28544,l
84096,28544,l
84352,28544,l
84608,28544,l
84864,28544,l
85120,28544,l
85376,28544,l
85632,28544,l
85888,28544,l
86144,28544,l
86400,28544,l
86656,28544,l
86912,28544,l
87168,28544,l
87424,28544,l
87680,28544,l
87936,28544,l
88192,28544,l
88448,28544,l
88704,28544,l
88960,28544,l
89216,28544,l
89472,28544,l
89728,28544,l
89984,28544,l
90240,28544,l
90496,28544,l
90752,28544,l
91008,28544,l
91264,28544,l
105600,28544,a
107904,28544,a
117376,28544,a
117632,28544,a
23424,28800,l
23680,28800,l
23936,28800,l
24192,28800,l
24448,28800,l
24704,28800,l
24960,28800,l
25216,28800,l
25472,28800,l
25728,28800,l
25984,28800,l
26240,28800,l
26496,28800,l
26752,28800,l
27008,28800,l
27520,28800,l
27776,28800,l
28032,28800,l
28288,28800,l
28544,28800,l
28800,28800,l
29056,28800,l
29312,28800,l
29568,28800,l
29824,28800,l
30080,28800,l
30336,28800,l
30592,28800,l
30848,28800,l
31104,28800,l
31360,28800,l
31616,28800,l
31872,28800,l
32128,28800,l
75648,28800,l
75904,28800,l
76160,28800,l
76416,28800,l
76672,28800,l
76928,28800,l
77184,28800,l
77440,28800,l
77696,28800,l
77952,28800,l
78208,28800,l
78464,28800,l
78720,28800,l
78976,28800,l
79232,28800,l
79488,28800,l
79744,28800,l
80000,28800,l
80256,28800,l
80512,28800,l
80768,28800,l
81024,28800,l
81280,28800,l
81536,28800,l
81792,28800,l
82048,28800,l
82304,28800,l
82560,28800,l
82816,28800,l
83072,28800,l
83328,28800,l
83584,28800,l
83840,28800,l
84096,28800,l
84352,28800,l
84608,28800,l
84864,28800,l
85120,28800,l
85376,28800,l
85632,28800,l
85888,28800,l
86144,28800,l
86400,28800,l
86656,28800,l
86912,28800,l
87168,28800,l
87424,28800,l
87680,28800,l
87936,28800,l
88192,28800,l
88448,28800,l
88704,28800,l
88960,28800,l
89216,28800,l
89472,28800,l
89728,28800,l
89984,28800,l
90240,28800,l
90496,28800,l
90752,28800,l
91008,28800,l
91264,28800,l
91520,28800,l
108160,28800,a
117376,28800,a
117632,28800,a
23168,29056,l
23424,29056,l
23680,29056,l
23936,29056,l
24192,29056,l
24448,29056,l
24704,29056,l
24960,29056,l
25216,29056,l
25472,29056,l
25728,29056,l
25984,29056,l
26240,29056,l
26496,29056,l
26752,29056,l
27008,29056,l
27520,29056,l
28544,29056,l
28800,29056,l
29056,29056,l
29312,29056,l
30592,29056,l
30848,29056,l
31104,29056,l
31360,29056,l
31616,29056,l
31872,29056,l
32128,29056,l
75648,29056,l
75904,29056,l
76160,29056,l
76416,29056,l
76672,29056,l
76928,29056,l
77184,29056,l
77440,29056,l
77696,29056,l
77952,29056,l
78208,29056,l
78464,29056,l
78720,29056,l
78976,29056,l
79232,29056,l
79488,29056,l
79744,29056,l
80000,29056,l
80256,29056,l
80512,29056,l
80768,29056,l
81024,29056,l
81280,29056,l
81536,29056,l
81792,29056,l
82048,29056,l
82304,29056,l
82560,29056,l
82816,29056,l
83072,29056,l
83328,29056,l
83584,29056,l
83840,29056,l
84096,29056,l
84352,29056,l
84608,29056,l
84864,29056,l
85120,29056,l
85376,29056,l
85632,29056,l
85888,29056,l
86144,29056,l
86400,29056,l
86656,29056,l
86912,29056,l
87168,29056,l
87424,29056,l
87680,29056,l
87936,29056,l
88192,29056,l
88448,29056,l
88704,29056,l
88960,29056,l
89216,29056,l
89472,29056,l
89728,29056,l
89984,29056,l
90240,29056,l
90496,29056,l
90752,29056,l
91008,29056,l
91264,29056,l
91520,29056,l
105600,29056,a
23168,29312,l
23424,29312,l
23680,29312,l
23936,29312,l
24192,29312,l
24448,29312,l
24704,29312,l
24960,29312,l
25216,29312,l
25472,29312,l
25728,29312,l
25984,29312,l
26240,29312,l
26496,29312,l
26752,29312,l
29056,29312,l
29312,29312,l
31104,29312,l
31360,29312,l
31616,29312,l
31872,29312,l
32128,29312,l
32384,29312,l
75904,29312,l
76160,29312,l
76416,29312,l
76672,29312,l
76928,29312,l
77184,29312,l
77440,29312,l
77696,29312,l
77952,29312,l
78208,29312,l
78464,29312,l
78720,29312,l
78976,29312,l
79232,29312,l
79488,29312,l
79744,29312,l
80000,29312,l
80256,29312,l
80512,29312,l
80768,29312,l
81024,29312,l
81280,29312,l
81536,29312,l
81792,29312,l
82048,29312,l
82304,29312,l
82560,29312,l
82816,29312,l
83072,29312,l
83328,29312,l
83584,29312,l
83840,29312,l
84352,29312,l
84608,29312,l
84864,29312,l
85120,29312,l
85376,29312,l
85632,29312,l
85888,29312,l
86144,29312,l
86400,29312,l
86656,29312,l
86912,29312,l
87168,29312,l
87424,29312,l
87680,29312,l
87936,29312,l
88192,29312,l
88448,29312,l
88704,29312,l
88960,29312,l
89216,29312,l
89472,29312,l
89728,29312,l
89984,29312,l
90240,29312,l
90496,29312,l
90752,29312,l
91008,29312,l
91264,29312,l
91776,29312,l
106624,29312,a
23168,29568,l
23424,29568,l
23680,29568,l
23936,29568,l
24192,29568,l
24448,29568,l
24704,29568,l
24960,29568,l
25216,29568,l
25472,29568,l
25728,29568,l
25984,29568,l
26240,29568,l
26496,29568,l
27008,29568,l
31104,29568,l
31360,29568,l
31616,29568,l
31872,29568,l
32128,29568,l
32384,29568,l
76416,29568,l
76672,29568,l
76928,29568,l
77184,29568,l
77440,29568,l
77696,29568,l
77952,29568,l
78208,29568,l
78464,29568,l
78720,29568,l
78976,29568,l
79232,29568,l
79488,29568,l
79744,29568,l
80000,29568,l
80256,29568,l
80512,29568,l
80768,29568,l
81024,29568,l
81280,29568,l
81536,29568,l
81792,29568,l
82048,29568,l
82304,29568,l
82560,29568,l
82816,29568,l
83072,29568,l
83328,29568,l
83584,29568,l
83840,29568,l
84096,29568,l
84352,29568,l
84608,29568,l
84864,29568,l
85120,29568,l
86144,29568,l
86400,29568,l
86912,29568,l
87168,29568,l
87424,29568,l
87680,29568,l
87936,29568,l
88192,29568,l
88448,29568,l
88704,29568,l
88960,29568,l
89216,29568,l
89472,29568,l
89728,29568,l
89984,29568,l
90240,29568,l
90496,29568,l
90752,29568,l
91008,29568,l
105856,29568,a
106624,29568,a
3968,29824,a
23424,29824,l
23680,29824,l
23936,29824,l
24192,29824,l
24448,29824,l
24704,29824,l
24960,29824,l
25216,29824,l
25472,29824,l
25728,29824,l
25984,29824,l
26240,29824,l
26496,29824,l
31104,29824,l
31360,29824,l
31616,29824,l
31872,29824,l
32128,29824,l
32384,29824,l
76672,29824,l
76928,29824,l
77184,29824,l
77440,29824,l
77696,29824,l
77952,29824,l
78208,29824,l
78464,29824,l
78720,29824,l
78976,29824,l
79232,29824,l
79488,29824,l
79744,29824,l
80000,29824,l
80256,29824,l
80512,29824,l
80768,29824,l
81024,29824,l
81280,29824,l
81536,29824,l
81792,29824,l
82048,29824,l
82304,29824,l
82560,29824,l
82816,29824,l
83072,29824,l
83328,29824,l
83584,29824,l
83840,29824,l
84096,29824,l
84352,29824,l
84608,29824,l
84864,29824,l
85376,29824,l
85632,29824,l
85888,29824,l
86144,29824,l
86400,29824,l
86656,29824,l
86912,29824,l
87168,29824,l
87424,29824,l
87680,29824,l
87936,29824,l
88192,29824,l
88448,29824,l
88704,29824,l
88960,29824,l
89216,29824,l
89472,29824,l
89728,29824,l
89984,29824,l
90240,29824,l
90496,29824,l
90752,29824,l
91008,29824,l
91264,29824,l
105856,29824,a
106624,29824,a
23424,30080,l
23680,30080,l
23936,30080,l
24192,30080,l
24448,30080,l
24704,30080,l
24960,30080,l
25216,30080,l
25472,30080,l
25728,30080,l
25984,30080,l
26240,30080,l
26496,30080,l
31104,30080,l
31360,30080,l
31616,30080,l
31872,30080,l
32128,30080,l
32384,30080,l
32640,30080,l
78720,30080,l
78976,30080,l
79232,30080,l
79488,30080,l
79744,30080,l
80000,30080,l
80256,30080,l
80512,30080,l
80768,30080,l
81024,30080,l
81280,30080,l
81536,30080,l
81792,30080,l
82048,30080,l
82304,30080,l
82560,30080,l
82816,30080,l
83072,30080,l
83328,30080,l
83584,30080,l
84096,30080,l
84352,30080,l
84608,30080,l
84864,30080,l
85120,30080,l
85376,30080,l
85632,30080,l
85888,30080,l
86144,30080,l
86400,30080,l
86656,30080,l
86912,30080,l
87168,30080,l
87424,30080,l
87680,30080,l
87936,30080,l
88192,30080,l
88448,30080,l
88704,30080,l
88960,30080,l
89216,30080,l
89472,30080,l
89728,30080,l
89984,30080,l
90240,30080,l
90496,30080,l
90752,30080,l
91008,30080,l
91264,30080,l
92288,30080,l
92544,30080,l
106112,30080,a
106624,30080,a
106880,30080,a
107136,30080,a
23424,30336,l
23680,30336,l
23936,30336,l
24192,30336,l
24448,30336,l
24704,30336,l
24960,30336,l
25216,30336,l
25472,30336,l
25728,30336,l
25984,30336,l
26240,30336,l
26496,30336,l
30848,30336,l
31104,30336,l
31360,30336,l
31616,30336,l
31872,30336,l
32128,30336,l
32384,30336,l
32640,30336,l
32896,30336,l
78720,30336,l
78976,30336,l
79232,30336,l
79488,30336,l
79744,30336,l
80000,30336,l
80256,30336,l
80512,30336,l
80768,30336,l
81024,30336,l
81280,30336,l
81536,30336,l
81792,30336,l
82048,30336,l
82304,30336,l
82560,30336,l
82816,30336,l
83072,30336,l
83328,30336,l
83584,30336,l
84608,30336,l
84864,30336,l
85120,30336,l
85376,30336,l
85632,30336,l
85888,30336,l
86144,30336,l
86400,30336,l
86656,30336,l
87168,30336,l
87424,30336,l
87680,30336,l
87936,30336,l
88192,30336,l
88448,30336,l
88704,30336,l
88960,30336,l
89216,30336,l
89472,30336,l
89728,30336,l
89984,30336,l
90240,30336,l
90496,30336,l
90752,30336,l
91008,30336,l
91264,30336,l
92288,30336,l
92544,30336,l
92800,30336,l
106624,30336,a
23424,30592,l
23680,30592,l
23936,30592,l
24192,30592,l
24448,30592,l
24704,30592,l
24960,30592,l
25216,30592,l
25472,30592,l
25728,30592,l
25984,30592,l
26240,30592,l
26496,30592,l
30848,30592,l
31104,30592,l
31360,30592,l
31616,30592,l
31872,30592,l
32128,30592,l
32384,30592,l
32640,30592,l
32896,30592,l
78976,30592,l
79232,30592,l
79488,30592,l
79744,30592,l
80000,30592,l
80256,30592,l
80512,30592,l
80768,30592,l
81024,30592,l
81280,30592,l
81536,30592,l
81792,30592,l
82048,30592,l
82304,30592,l
82560,30592,l
82816,30592,l
83072,30592,l
83328,30592,l
83584,30592,l
83840,30592,l
84608,30592,l
84864,30592,l
85120,30592,l
85376,30592,l
85632,30592,l
85888,30592,l
86144,30592,l
86400,30592,l
87424,30592,l
87680,30592,l
87936,30592,l
88192,30592,l
88448,30592,l
88704,30592,l
88960,30592,l
89216,30592,l
89472,30592,l
89728,30592,l
90240,30592,l
90496,30592,l
90752,30592,l
91008,30592,l
92288,30592,l
92544,30592,l
92800,30592,l
106624,30592,a
23424,30848,l
23680,30848,l
23936,30848,l
24192,30848,l
24448,30848,l
24704,30848,l
24960,30848,l
25216,30848,l
25472,30848,l
25728,30848,l
25984,30848,l
26240,30848,l
26496,30848,l
30848,30848,l
31104,30848,l
31360,30848,l
31616,30848,l
31872,30848,l
32128,30848,l
32384,30848,l
32640,30848,l
32896,30848,l
33152,30848,l
80000,30848,l
80256,30848,l
80512,30848,l
80768,30848,l
81024,30848,l
81280,30848,l
81536,30848,l
81792,30848,l
82048,30848,l
82304,30848,l
82560,30848,l
82816,30848,l
83072,30848,l
83328,30848,l
83584,30848,l
84864,30848,l
85120,30848,l
85376,30848,l
85632,30848,l
85888,30848,l
86144,30848,l
87680,30848,l
87936,30848,l
88192,30848,l
88448,30848,l
88704,30848,l
88960,30848,l
89216,30848,l
89472,30848,l
89728,30848,l
89984,30848,l
90240,30848,l
90496,30848,l
90752,30848,l
91008,30848,l
91520,30848,l
92288,30848,l
92544,30848,l
23424,31104,l
23680,31104,l
23936,31104,l
24192,31104,l
24448,31104,l
24704,31104,l
24960,31104,l
25216,31104,l
25472,31104,l
25728,31104,l
25984,31104,l
26240,31104,l
26496,31104,l
26752,31104,l
27008,31104,l
30848,31104,l
31104,31104,l
31360,31104,l
31616,31104,l
31872,31104,l
32128,31104,l
32384,31104,l
32640,31104,l
32896,31104,l
33152,31104,l
80000,31104,l
80256,31104,l
80512,31104,l
80768,31104,l
81024,31104,l
81280,31104,l
81536,31104,l
81792,31104,l
82048,31104,l
82304,31104,l
82560,31104,l
82816,31104,l
83072,31104,l
87936,31104,l
88192,31104,l
88448,31104,l
88704,31104,l
88960,31104,l
89216,31104,l
89472,31104,l
89728,31104,l
89984,31104,l
90240,31104,l
90496,31104,l
90752,31104,l
91008,31104,l
91520,31104,l
92288,31104,l
23424,31360,l
23680,31360,l
23936,31360,l
24192,31360,l
24448,31360,l
24704,31360,l
24960,31360,l
25216,31360,l
25472,31360,l
25728,31360,l
25984,31360,l
26240,31360,l
26496,31360,l
26752,31360,l
27008,31360,l
30848,31360,l
31104,31360,l
31360,31360,l
31616,31360,l
31872,31360,l
32128,31360,l
32384,31360,l
32640,31360,l
32896,31360,l
33152,31360,l
80256,31360,l
80512,31360,l
81280,31360,l
81536,31360,l
81792,31360,l
82048,31360,l
82304,31360,l
82560,31360,l
82816,31360,l
87936,31360,l
88192,31360,l
88448,31360,l
88704,31360,l
88960,31360,l
89216,31360,l
89472,31360,l
89728,31360,l
89984,31360,l
90240,31360,l
90496,31360,l
91008,31360,l
91264,31360,l
91520,31360,l
91776,31360,l
23424,31616,l
23680,31616,l
23936,31616,l
24192,31616,l
24448,31616,l
24704,31616,l
24960,31616,l
25216,31616,l
25472,31616,l
25728,31616,l
25984,31616,l
26240,31616,l
26496,31616,l
26752,31616,l
27008,31616,l
27264,31616,l
30848,31616,l
31104,31616,l
31360,31616,l
31616,31616,l
31872,31616,l
32128,31616,l
32384,31616,l
32640,31616,l
32896,31616,l
33152,31616,l
33408,31616,l
88192,31616,l
88448,31616,l
88704,31616,l
88960,31616,l
89216,31616,l
89472,31616,l
89728,31616,l
90752,31616,l
91008,31616,l
91264,31616,l
91520,31616,l
22912,31872,a
23424,31872,l
23680,31872,l
23936,31872,l
24192,31872,l
24448,31872,l
24704,31872,l
24960,31872,l
25216,31872,l
25472,31872,l
25728,31872,l
25984,31872,l
26240,31872,l
26496,31872,l
26752,31872,l
27008,31872,l
27264,31872,l
30848,31872,l
31104,31872,l
31360,31872,l
31616,31872,l
31872,31872,l
32128,31872,l
32384,31872,l
32640,31872,l
32896,31872,l
33152,31872,l
33408,31872,l
87680,31872,l
87936,31872,l
88192,31872,l
88448,31872,l
88704,31872,l
88960,31872,l
89216,31872,l
89472,31872,l
89728,31872,l
23424,32128,l
23680,32128,l
23936,32128,l
24192,32128,l
24448,32128,l
24704,32128,l
24960,32128,l
25216,32128,l
25472,32128,l
25728,32128,l
25984,32128,l
26240,32128,l
26496,32128,l
26752,32128,l
27008,32128,l
27264,32128,l
27520,32128,l
30848,32128,l
31104,32128,l
31360,32128,l
31616,32128,l
31872,32128,l
32128,32128,l
32384,32128,l
32640,32128,l
32896,32128,l
33152,32128,l
33408,32128,l
88192,32128,l
88448,32128,l
88704,32128,l
88960,32128,l
89216,32128,l
23424,32384,l
23680,32384,l
23936,32384,l
24192,32384,l
24448,32384,l
24704,32384,l
24960,32384,l
25216,32384,l
25472,32384,l
25728,32384,l
25984,32384,l
26240,32384,l
26496,32384,l
26752,32384,l
27008,32384,l
27264,32384,l
27520,32384,l
30848,32384,l
31104,32384,l
31360,32384,l
31616,32384,l
31872,32384,l
32128,32384,l
32384,32384,l
32640,32384,l
32896,32384,l
33152,32384,l
33408,32384,l
88448,32384,l
88704,32384,l
4736,32640,a
23424,32640,l
23680,32640,l
23936,32640,l
24192,32640,l
24448,32640,l
24704,32640,l
24960,32640,l
25216,32640,l
25472,32640,l
25728,32640,l
25984,32640,l
26240,32640,l
26496,32640,l
26752,32640,l
27008,32640,l
27264,32640,l
27520,32640,l
30848,32640,l
31104,32640,l
31360,32640,l
31616,32640,l
31872,32640,l
32128,32640,l
32384,32640,l
32640,32640,l
32896,32640,l
33152,32640,l
33408,32640,l
23424,32896,l
23680,32896,l
23936,32896,l
24192,32896,l
24448,32896,l
24704,32896,l
24960,32896,l
25216,32896,l
25472,32896,l
25728,32896,l
25984,32896,l
26240,32896,l
26496,32896,l
26752,32896,l
27008,32896,l
27264,32896,l
27520,32896,l
27776,32896,l
28032,32896,l
30848,32896,l
31104,32896,l
31360,32896,l
31616,32896,l
31872,32896,l
32128,32896,l
32384,32896,l
32640,32896,l
32896,32896,l
33152,32896,l
33408,32896,l
33664,32896,l
23168,33152,l
23424,33152,l
23680,33152,l
23936,33152,l
24192,33152,l
24448,33152,l
24704,33152,l
24960,33152,l
25216,33152,l
25472,33152,l
25728,33152,l
25984,33152,l
26240,33152,l
26496,33152,l
26752,33152,l
27264,33152,l
27520,33152,l
28032,33152,l
28800,33152,l
29056,33152,l
29312,33152,l
29568,33152,l
29824,33152,l
30592,33152,l
30848,33152,l
31104,33152,l
31360,33152,l
31616,33152,l
31872,33152,l
32128,33152,l
32384,33152,l
32640,33152,l
32896,33152,l
33152,33152,l
33408,33152,l
33664,33152,l
23168,33408,l
23424,33408,l
23680,33408,l
23936,33408,l
24192,33408,l
24448,33408,l
24704,33408,l
24960,33408,l
25216,33408,l
25472,33408,l
25728,33408,l
25984,33408,l
26240,33408,l
26496,33408,l
26752,33408,l
27008,33408,l
27776,33408,l
28032,33408,l
28288,33408,l
28544,33408,l
29056,33408,l
29312,33408,l
29568,33408,l
29824,33408,l
30080,33408,l
30336,33408,l
30592,33408,l
30848,33408,l
31104,33408,l
31360,33408,l
31616,33408,l
31872,33408,l
32128,33408,l
32384,33408,l
32640,33408,l
32896,33408,l
33152,33408,l
33408,33408,l
33664,33408,l
22912,33664,l
23168,33664,l
23424,33664,l
23680,33664,l
23936,33664,l
24192,33664,l
24448,33664,l
24704,33664,l
24960,33664,l
25216,33664,l
25472,33664,l
25728,33664,l
25984,33664,l
26240,33664,l
26496,33664,l
26752,33664,l
27008,33664,l
27264,33664,l
27776,33664,l
28032,33664,l
28288,33664,l
28544,33664,l
28800,33664,l
29056,33664,l
29312,33664,l
29568,33664,l
29824,33664,l
30080,33664,l
30336,33664,l
30592,33664,l
30848,33664,l
31104,33664,l
31360,33664,l
31616,33664,l
31872,33664,l
32128,33664,l
32384,33664,l
32640,33664,l
32896,33664,l
33152,33664,l
33408,33664,l
33664,33664,l
33920,33664,l
106880,33664,a
22656,33920,l
22912,33920,l
23168,33920,l
23424,33920,l
23680,33920,l
23936,33920,l
24192,33920,l
24448,33920,l
24704,33920,l
24960,33920,l
25216,33920,l
25472,33920,l
25728,33920,l
25984,33920,l
26240,33920,l
26496,33920,l
26752,33920,l
27008,33920,l
27264,33920,l
27520,33920,l
27776,33920,l
28032,33920,l
28288,33920,l
28544,33920,l
28800,33920,l
29056,33920,l
29312,33920,l
29568,33920,l
29824,33920,l
30080,33920,l
30336,33920,l
30592,33920,l
30848,33920,l
31104,33920,l
31360,33920,l
31616,33920,l
31872,33920,l
32128,33920,l
32384,33920,l
32640,33920,l
32896,33920,l
33152,33920,l
33408,33920,l
33664,33920,l
33920,33920,l
1664,34176,a
22656,34176,l
22912,34176,l
23168,34176,l
23424,34176,l
23680,34176,l
23936,34176,l
24192,34176,l
24448,34176,l
24704,34176,l
24960,34176,l
25216,34176,l
25728,34176,l
25984,34176,l
26240,34176,l
26496,34176,l
26752,34176,l
27008,34176,l
27264,34176,l
27520,34176,l
27776,34176,l
28032,34176,l
28288,34176,l
28544,34176,l
28800,34176,l
29056,34176,l
29312,34176,l
29568,34176,l
29824,34176,l
30080,34176,l
30336,34176,l
30592,34176,l
30848,34176,l
31104,34176,l
31360,34176,l
31616,34176,l
31872,34176,l
32128,34176,l
32384,34176,l
32640,34176,l
32896,34176,l
33152,34176,l
33408,34176,l
33664,34176,l
33920,34176,l
22912,34432,l
23168,34432,l
23424,34432,l
23680,34432,l
23936,34432,l
24192,34432,l
24448,34432,l
24704,34432,l
24960,34432,l
26496,34432,l
26752,34432,l
27008,34432,l
27264,34432,l
27520,34432,l
27776,34432,l
28032,34432,l
28288,34432,l
28544,34432,l
28800,34432,l
29056,34432,l
29312,34432,l
29568,34432,l
29824,34432,l
30080,34432,l
30336,34432,l
30592,34432,l
30848,34432,l
31104,34432,l
31360,34432,l
31616,34432,l
31872,34432,l
32128,34432,l
32384,34432,l
32640,34432,l
32896,34432,l
33152,34432,l
33408,34432,l
33664,34432,l
33920,34432,l
22912,34688,l
23168,34688,l
23424,34688,l
23680,34688,l
23936,34688,l
24192,34688,l
24448,34688,l
27264,34688,l
27520,34688,l
27776,34688,l
28032,34688,l
28288,34688,l
28544,34688,l
28800,34688,l
29056,34688,l
29312,34688,l
29568,34688,l
29824,34688,l
30080,34688,l
30336,34688,l
30592,34688,l
30848,34688,l
31104,34688,l
31360,34688,l
31616,34688,l
31872,34688,l
32128,34688,l
32384,34688,l
32640,34688,l
32896,34688,l
33152,34688,l
33408,34688,l
33664,34688,l
33920,34688,l
23168,34944,l
23424,34944,l
23680,34944,l
23936,34944,l
24192,34944,l
28032,34944,l
28288,34944,l
28544,34944,l
28800,34944,l
29056,34944,l
29312,34944,l
29568,34944,l
29824,34944,l
30080,34944,l
30336,34944,l
30592,34944,l
30848,34944,l
31104,34944,l
31360,34944,l
31616,34944,l
31872,34944,l
32128,34944,l
32384,34944,l
32640,34944,l
32896,34944,l
33152,34944,l
33408,34944,l
33664,34944,l
33920,34944,l
34176,34944,l
34432,34944,l
23168,35200,l
23424,35200,l
23680,35200,l
23936,35200,l
28288,35200,l
28544,35200,l
28800,35200,l
29056,35200,l
29312,35200,l
29568,35200,l
29824,35200,l
30080,35200,l
30336,35200,l
30592,35200,l
30848,35200,l
31104,35200,l
31360,35200,l
31616,35200,l
31872,35200,l
32128,35200,l
32384,35200,l
32640,35200,l
32896,35200,l
33152,35200,l
33408,35200,l
33664,35200,l
33920,35200,l
34176,35200,l
34432,35200,l
34688,35200,l
65408,35200,a
65664,35200,a
5248,35456,a
23424,35456,l
23680,35456,l
28288,35456,l
28544,35456,l
28800,35456,l
29056,35456,l
29312,35456,l
29568,35456,l
29824,35456,l
30080,35456,l
30336,35456,l
30592,35456,l
30848,35456,l
31104,35456,l
31360,35456,l
31616,35456,l
31872,35456,l
32128,35456,l
32384,35456,l
32640,35456,l
32896,35456,l
33152,35456,l
33408,35456,l
33664,35456,l
33920,35456,l
34176,35456,l
34432,35456,l
34688,35456,l
34944,35456,l
65408,35456,a
65664,35456,a
28544,35712,l
28800,35712,l
29056,35712,l
29312,35712,l
29568,35712,l
29824,35712,l
30080,35712,l
30336,35712,l
30592,35712,l
30848,35712,l
31104,35712,l
31360,35712,l
31616,35712,l
31872,35712,l
32128,35712,l
32384,35712,l
32640,35712,l
32896,35712,l
33152,35712,l
33408,35712,l
33664,35712,l
33920,35712,l
34176,35712,l
34432,35712,l
34688,35712,l
34944,35712,l
35200,35712,l
35456,35712,l
35712,35712,l
35968,35712,l
65408,35712,a
65664,35712,a
28544,35968,l
28800,35968,l
29056,35968,l
29312,35968,l
29568,35968,l
29824,35968,l
30080,35968,l
30336,35968,l
30592,35968,l
30848,35968,l
31104,35968,l
31360,35968,l
31616,35968,l
31872,35968,l
32128,35968,l
32384,35968,l
32640,35968,l
32896,35968,l
33152,35968,l
33408,35968,l
33664,35968,l
33920,35968,l
34176,35968,l
34432,35968,l
34688,35968,l
34944,35968,l
35200,35968,l
35456,35968,l
35712,35968,l
35968,35968,l
36224,35968,l
36480,35968,l
28544,36224,l
28800,36224,l
29056,36224,l
29312,36224,l
29568,36224,l
29824,36224,l
30080,36224,l
30336,36224,l
30592,36224,l
30848,36224,l
31104,36224,l
31360,36224,l
31616,36224,l
31872,36224,l
32128,36224,l
32384,36224,l
32640,36224,l
32896,36224,l
33152,36224,l
33408,36224,l
33664,36224,l
33920,36224,l
34176,36224,l
34432,36224,l
34688,36224,l
34944,36224,l
35200,36224,l
35456,36224,l
35712,36224,l
35968,36224,l
36224,36224,l
36480,36224,l
36736,36224,l
28544,36480,l
28800,36480,l
29056,36480,l
29312,36480,l
29568,36480,l
29824,36480,l
30080,36480,l
30848,36480,l
31104,36480,l
31360,36480,l
31616,36480,l
31872,36480,l
32128,36480,l
32384,36480,l
32640,36480,l
32896,36480,l
33152,36480,l
33408,36480,l
33664,36480,l
33920,36480,l
34176,36480,l
34432,36480,l
34688,36480,l
34944,36480,l
35200,36480,l
35456,36480,l
35712,36480,l
35968,36480,l
36224,36480,l
36480,36480,l
36736,36480,l
36992,36480,l
28800,36736,l
29056,36736,l
29312,36736,l
29568,36736,l
31104,36736,l
31360,36736,l
31616,36736,l
31872,36736,l
32128,36736,l
32384,36736,l
32640,36736,l
32896,36736,l
33152,36736,l
33408,36736,l
33664,36736,l
33920,36736,l
34176,36736,l
34432,36736,l
34688,36736,l
34944,36736,l
35200,36736,l
35456,36736,l
35712,36736,l
35968,36736,l
36224,36736,l
36480,36736,l
36736,36736,l
36992,36736,l
29312,36992,l
31104,36992,l
31360,36992,l
31616,36992,l
31872,36992,l
32128,36992,l
32384,36992,l
32640,36992,l
32896,36992,l
33152,36992,l
33408,36992,l
33664,36992,l
33920,36992,l
34176,36992,l
34432,36992,l
34688,36992,l
34944,36992,l
35200,36992,l
35456,36992,l
35712,36992,l
35968,36992,l
36224,36992,l
36480,36992,l
36736,36992,l
36992,36992,l
84608,36992,a
84864,36992,a
31360,37248,l
31616,37248,l
31872,37248,l
32128,37248,l
32384,37248,l
32640,37248,l
32896,37248,l
33152,37248,l
33408,37248,l
33664,37248,l
33920,37248,l
34176,37248,l
34432,37248,l
34688,37248,l
34944,37248,l
35200,37248,l
35456,37248,l
35712,37248,l
35968,37248,l
36224,37248,l
36480,37248,l
36736,37248,l
31360,37504,l
31616,37504,l
31872,37504,l
32128,37504,l
32384,37504,l
32640,37504,l
32896,37504,l
33152,37504,l
33408,37504,l
33664,37504,l
33920,37504,l
34176,37504,l
34432,37504,l
34688,37504,l
34944,37504,l
35200,37504,l
35456,37504,l
35712,37504,l
35968,37504,l
36224,37504,l
36480,37504,l
36736,37504,l
36992,37504,l
31360,37760,l
31616,37760,l
31872,37760,l
32128,37760,l
32384,37760,l
32640,37760,l
32896,37760,l
33152,37760,l
33408,37760,l
33664,37760,l
33920,37760,l
34176,37760,l
34432,37760,l
34688,37760,l
34944,37760,l
35200,37760,l
35456,37760,l
35712,37760,l
35968,37760,l
36224,37760,l
36480,37760,l
36736,37760,l
36992,37760,l
37248,37760,l
106624,37760,a
31360,38016,l
31616,38016,l
31872,38016,l
32128,38016,l
32384,38016,l
32640,38016,l
32896,38016,l
33152,38016,l
33408,38016,l
33664,38016,l
33920,38016,l
34176,38016,l
34432,38016,l
34688,38016,l
34944,38016,l
35200,38016,l
35456,38016,l
35712,38016,l
35968,38016,l
36224,38016,l
36480,38016,l
36736,38016,l
36992,38016,l
37248,38016,l
37504,38016,l
10880,38272,a
31360,38272,l
31616,38272,l
31872,38272,l
32128,38272,l
32384,38272,l
32640,38272,l
32896,38272,l
33152,38272,l
33408,38272,l
33664,38272,l
33920,38272,l
34176,38272,l
34432,38272,l
34688,38272,l
34944,38272,l
35200,38272,l
35456,38272,l
35712,38272,l
35968,38272,l
36224,38272,l
36480,38272,l
36736,38272,l
36992,38272,l
37248,38272,l
37504,38272,l
37760,38272,l
31616,38528,l
31872,38528,l
32128,38528,l
32384,38528,l
32640,38528,l
32896,38528,l
33152,38528,l
33408,38528,l
33664,38528,l
33920,38528,l
34176,38528,l
34432,38528,l
34688,38528,l
34944,38528,l
35200,38528,l
35456,38528,l
35712,38528,l
35968,38528,l
36224,38528,l
36480,38528,l
36736,38528,l
36992,38528,l
37248,38528,l
37504,38528,l
31616,38784,l
31872,38784,l
32128,38784,l
32384,38784,l
32640,38784,l
32896,38784,l
33152,38784,l
33408,38784,l
33664,38784,l
33920,38784,l
34176,38784,l
34432,38784,l
34688,38784,l
34944,38784,l
35200,38784,l
35456,38784,l
35712,38784,l
35968,38784,l
36224,38784,l
36480,38784,l
36736,38784,l
36992,38784,l
37248,38784,l
31616,39040,l
31872,39040,l
32128,39040,l
32384,39040,l
32640,39040,l
32896,39040,l
33152,39040,l
33408,39040,l
33664,39040,l
33920,39040,l
34176,39040,l
34432,39040,l
34688,39040,l
34944,39040,l
35200,39040,l
35456,39040,l
35712,39040,l
35968,39040,l
36224,39040,l
36480,39040,l
36736,39040,l
36992,39040,l
31616,39296,l
31872,39296,l
32128,39296,l
32384,39296,l
32640,39296,l
32896,39296,l
33152,39296,l
33408,39296,l
33664,39296,l
33920,39296,l
34176,39296,l
34432,39296,l
34688,39296,l
34944,39296,l
35200,39296,l
35456,39296,l
35712,39296,l
35968,39296,l
36224,39296,l
36480,39296,l
36736,39296,l
36992,39296,l
31616,39552,l
31872,39552,l
32128,39552,l
32384,39552,l
32640,39552,l
32896,39552,l
33152,39552,l
33408,39552,l
33664,39552,l
33920,39552,l
34176,39552,l
34432,39552,l
34688,39552,l
34944,39552,l
35200,39552,l
35456,39552,l
35712,39552,l
35968,39552,l
36224,39552,l
36480,39552,l
36736,39552,l
36992,39552,l
31360,39808,l
31616,39808,l
31872,39808,l
32128,39808,l
32384,39808,l
32640,39808,l
32896,39808,l
33152,39808,l
33408,39808,l
33664,39808,l
33920,39808,l
34176,39808,l
34432,39808,l
34688,39808,l
34944,39808,l
35200,39808,l
35456,39808,l
35712,39808,l
35968,39808,l
36224,39808,l
36480,39808,l
36736,39808,l
36992,39808,l
37248,39808,l
31616,40064,l
31872,40064,l
32128,40064,l
32384,40064,l
32640,40064,l
32896,40064,l
33152,40064,l
33408,40064,l
33664,40064,l
33920,40064,l
34176,40064,l
34432,40064,l
34688,40064,l
34944,40064,l
35200,40064,l
35456,40064,l
35712,40064,l
35968,40064,l
36224,40064,l
36480,40064,l
36736,40064,l
36992,40064,l
31616,40320,l
31872,40320,l
32128,40320,l
32384,40320,l
32640,40320,l
32896,40320,l
33152,40320,l
33408,40320,l
33664,40320,l
33920,40320,l
34176,40320,l
34432,40320,l
34688,40320,l
34944,40320,l
35200,40320,l
35456,40320,l
35712,40320,l
35968,40320,l
36224,40320,l
36480,40320,l
36736,40320,l
36992,40320,l
37248,40320,l
31360,40576,l
31616,40576,l
31872,40576,l
32128,40576,l
32384,40576,l
32640,40576,l
32896,40576,l
33152,40576,l
33408,40576,l
33664,40576,l
33920,40576,l
34176,40576,l
34432,40576,l
34688,40576,l
34944,40576,l
35200,40576,l
35456,40576,l
35712,40576,l
35968,40576,l
36224,40576,l
36480,40576,l
36736,40576,l
36992,40576,l
37248,40576,l
31360,40832,l
31616,40832,l
31872,40832,l
32128,40832,l
32384,40832,l
32640,40832,l
32896,40832,l
33152,40832,l
33408,40832,l
33664,40832,l
33920,40832,l
34176,40832,l
34432,40832,l
34688,40832,l
34944,40832,l
35200,40832,l
35456,40832,l
35712,40832,l
35968,40832,l
36224,40832,l
36480,40832,l
36736,40832,l
36992,40832,l
37248,40832,l
37504,40832,l
31360,41088,l
31616,41088,l
31872,41088,l
32128,41088,l
32384,41088,l
32640,41088,l
32896,41088,l
33152,41088,l
33408,41088,l
33664,41088,l
33920,41088,l
34176,41088,l
34432,41088,l
34688,41088,l
34944,41088,l
35200,41088,l
35456,41088,l
35712,41088,l
35968,41088,l
36224,41088,l
36480,41088,l
36736,41088,l
36992,41088,l
37248,41088,l
37504,41088,l
37760,41088,l
38016,41088,l
38272,41088,l
31360,41344,l
31616,41344,l
31872,41344,l
32128,41344,l
32384,41344,l
32640,41344,l
32896,41344,l
33152,41344,l
33408,41344,l
33664,41344,l
33920,41344,l
34176,41344,l
34432,41344,l
34688,41344,l
34944,41344,l
35200,41344,l
35456,41344,l
35712,41344,l
35968,41344,l
36224,41344,l
36480,41344,l
36736,41344,l
36992,41344,l
37248,41344,l
37504,41344,l
37760,41344,l
38016,41344,l
38272,41344,l
38528,41344,l
31616,41600,l
31872,41600,l
32128,41600,l
32384,41600,l
32640,41600,l
32896,41600,l
33152,41600,l
33408,41600,l
33664,41600,l
33920,41600,l
34176,41600,l
34432,41600,l
34688,41600,l
34944,41600,l
35200,41600,l
35456,41600,l
35712,41600,l
35968,41600,l
36224,41600,l
36480,41600,l
36736,41600,l
36992,41600,l
37248,41600,l
37504,41600,l
37760,41600,l
38016,41600,l
38272,41600,l
38528,41600,l
38784,41600,l
31616,41856,l
31872,41856,l
32128,41856,l
32384,41856,l
32640,41856,l
32896,41856,l
33152,41856,l
33408,41856,l
33664,41856,l
33920,41856,l
34176,41856,l
34432,41856,l
34688,41856,l
34944,41856,l
35200,41856,l
35456,41856,l
35712,41856,l
35968,41856,l
36224,41856,l
36480,41856,l
36736,41856,l
36992,41856,l
37248,41856,l
37504,41856,l
37760,41856,l
38016,41856,l
38272,41856,l
38528,41856,l
38784,41856,l
39040,41856,l
14464,42112,a
33152,42112,l
33408,42112,l
33664,42112,l
33920,42112,l
34176,42112,l
34432,42112,l
34688,42112,l
34944,42112,l
35200,42112,l
35456,42112,l
35712,42112,l
35968,42112,l
36224,42112,l
36480,42112,l
36736,42112,l
36992,42112,l
37248,42112,l
37504,42112,l
37760,42112,l
38016,42112,l
38272,42112,l
38528,42112,l
38784,42112,l
39040,42112,l
33408,42368,l
33664,42368,l
33920,42368,l
34176,42368,l
34432,42368,l
34688,42368,l
34944,42368,l
35200,42368,l
35456,42368,l
35712,42368,l
35968,42368,l
36224,42368,l
36480,42368,l
36736,42368,l
36992,42368,l
37248,42368,l
37504,42368,l
37760,42368,l
38016,42368,l
38272,42368,l
38528,42368,l
38784,42368,l
39040,42368,l
33664,42624,l
33920,42624,l
34176,42624,l
34432,42624,l
34688,42624,l
34944,42624,l
35200,42624,l
35456,42624,l
35712,42624,l
35968,42624,l
36224,42624,l
36480,42624,l
36736,42624,l
36992,42624,l
37248,42624,l
37504,42624,l
37760,42624,l
38016,42624,l
38272,42624,l
38528,42624,l
38784,42624,l
39040,42624,l
39296,42624,l
33920,42880,l
34176,42880,l
34432,42880,l
34688,42880,l
34944,42880,l
35200,42880,l
35456,42880,l
35712,42880,l
35968,42880,l
36224,42880,l
36480,42880,l
36736,42880,l
36992,42880,l
37248,42880,l
37504,42880,l
37760,42880,l
38016,42880,l
38272,42880,l
38528,42880,l
38784,42880,l
39040,42880,l
33920,43136,l
34176,43136,l
34432,43136,l
34688,43136,l
34944,43136,l
35200,43136,l
35456,43136,l
35712,43136,l
35968,43136,l
36224,43136,l
36480,43136,l
36736,43136,l
36992,43136,l
37248,43136,l
37504,43136,l
37760,43136,l
38016,43136,l
38272,43136,l
38528,43136,l
38784,43136,l
34688,43392,l
34944,43392,l
35200,43392,l
35456,43392,l
35712,43392,l
35968,43392,l
36224,43392,l
36480,43392,l
36736,43392,l
36992,43392,l
37248,43392,l
37504,43392,l
37760,43392,l
38016,43392,l
38272,43392,l
38528,43392,l
86912,43392,a
87168,43392,a
107136,43392,a
35200,43648,l
35456,43648,l
35712,43648,l
35968,43648,l
36224,43648,l
20352,47744,a
23936,47744,a
24192,47744,a
20096,48000,a
16000,49024,a
84096,49024,a
97408,49536,a
91264,50048,a
14976,50560,a
14464,51072,a
102784,52352,a
25216,53376,a
25216,53632,a
25472,53632,a
25728,53632,a
25472,53888,a
25728,53888,a
25984,53888,a
24704,54144,a
25984,54144,a
26240,54144,a
26496,54144,a
106624,54144,a
26752,54400,a
27008,54400,a
27776,54400,a
28032,54400,a
106624,54400,a
23680,54656,a
7808,54912,a
8064,54912,a
8320,54912,a
27008,54912,a
8064,55168,a
12416,55168,a
105088,55680,a
105344,55680,a
7808,55936,a
31872,55936,a
89472,55936,a
29568,56192,a
30336,56704,a
27776,56960,a
103808,56960,a
115584,57216,a
90496,57472,a
30080,58240,a
30336,58240,a
10624,58496,a
117888,58496,a
117888,58752,a
27264,59008,a
117888,59008,a
118144,59008,a
26752,59264,a
27008,59264,a
117888,59264,a
26752,59520,a
21632,59776,a
26752,59776,a
105088,59776,a
105344,59776,a
106880,59776,a
22400,60032,a
23168,60032,a
23424,60032,a
105600,60032,a
106880,60032,a
107136,61056,a
49536,61824,l
49792,61824,l
50048,61824,l
47488,62080,a
48512,62080,l
48768,62080,l
49024,62080,l
49280,62080,l
49536,62080,l
49792,62080,l
50048,62080,l
50304,62080,l
50560,62080,l
50816,62080,l
51072,62080,l
51328,62080,l
51584,62080,l
51840,62080,l
52096,62080,l
47232,62336,a
47488,62336,l
47744,62336,l
48000,62336,l
48256,62336,l
48512,62336,l
48768,62336,l
49024,62336,l
49280,62336,l
49536,62336,l
49792,62336,l
50048,62336,l
50304,62336,l
50560,62336,l
50816,62336,l
51072,62336,l
51328,62336,l
51584,62336,l
51840,62336,l
52096,62336,l
52352,62336,l
52608,62336,l
20864,62592,a
47232,62592,l
47488,62592,l
47744,62592,l
48000,62592,l
48256,62592,l
48512,62592,l
48768,62592,l
49024,62592,l
49280,62592,l
49536,62592,l
49792,62592,l
50048,62592,l
50304,62592,l
50560,62592,l
50816,62592,l
51072,62592,l
51328,62592,l
51584,62592,l
51840,62592,l
52096,62592,l
52352,62592,l
52608,62592,l
52864,62592,l
53120,62592,l
53376,62592,l
53632,62592,l
20608,62848,a
20864,62848,a
46976,62848,l
47232,62848,l
47488,62848,l
47744,62848,l
48000,62848,l
48256,62848,l
48512,62848,l
48768,62848,l
49024,62848,l
49280,62848,l
49536,62848,l
49792,62848,l
50048,62848,l
50304,62848,l
50560,62848,l
50816,62848,l
51072,62848,l
51328,62848,l
51584,62848,l
51840,62848,l
52096,62848,l
52352,62848,l
52608,62848,l
52864,62848,l
53120,62848,l
53376,62848,l
53632,62848,l
53888,62848,l
54144,62848,l
46976,63104,l
47232,63104,l
47488,63104,l
47744,63104,l
48000,63104,l
48256,63104,l
48512,63104,l
48768,63104,l
49024,63104,l
49280,63104,l
49536,63104,l
49792,63104,l
50048,63104,l
50304,63104,l
50560,63104,l
50816,63104,l
51072,63104,l
51328,63104,l
51584,63104,l
51840,63104,l
52096,63104,l
52352,63104,l
52608,63104,l
52864,63104,l
53120,63104,l
53376,63104,l
53632,63104,l
53888,63104,l
54144,63104,l
54400,63104,l
54656,63104,l
16256,63360,a
46720,63360,l
46976,63360,l
47232,63360,l
47488,63360,l
47744,63360,l
48000,63360,l
48256,63360,l
48512,63360,l
48768,63360,l
49024,63360,l
49280,63360,l
49536,63360,l
49792,63360,l
50048,63360,l
50304,63360,l
50560,63360,l
50816,63360,l
51072,63360,l
51328,63360,l
51584,63360,l
51840,63360,l
52096,63360,l
52352,63360,l
52608,63360,l
52864,63360,l
53120,63360,l
53376,63360,l
53632,63360,l
53888,63360,l
54144,63360,l
54400,63360,l
54656,63360,l
54912,63360,l
16256,63616,a
16512,63616,a
46464,63616,l
46720,63616,l
46976,63616,l
47232,63616,l
47488,63616,l
47744,63616,l
48000,63616,l
48256,63616,l
48512,63616,l
48768,63616,l
49024,63616,l
49280,63616,l
49536,63616,l
49792,63616,l
50048,63616,l
50304,63616,l
50560,63616,l
50816,63616,l
51072,63616,l
51328,63616,l
51584,63616,l
51840,63616,l
52096,63616,l
52352,63616,l
52608,63616,l
52864,63616,l
53120,63616,l
53376,63616,l
53632,63616,l
53888,63616,l
54144,63616,l
54400,63616,l
54656,63616,l
54912,63616,l
55168,63616,l
55424,63616,l
55680,63616,l
55936,63616,l
16512,63872,a
46464,63872,l
46720,63872,l
46976,63872,l
47232,63872,l
47488,63872,l
47744,63872,l
48000,63872,l
48256,63872,l
48512,63872,l
48768,63872,l
49024,63872,l
49280,63872,l
49536,63872,l
49792,63872,l
50048,63872,l
50304,63872,l
50560,63872,l
50816,63872,l
51072,63872,l
51328,63872,l
51584,63872,l
51840,63872,l
52096,63872,l
52352,63872,l
52608,63872,l
52864,63872,l
53120,63872,l
53376,63872,l
53632,63872,l
53888,63872,l
54144,63872,l
54400,63872,l
54656,63872,l
54912,63872,l
55168,63872,l
55424,63872,l
55680,63872,l
55936,63872,l
56192,63872,l
56448,63872,l
46464,64128,l
46720,64128,l
46976,64128,l
47232,64128,l
47488,64128,l
47744,64128,l
48000,64128,l
48256,64128,l
48512,64128,l
48768,64128,l
49024,64128,l
49280,64128,l
49536,64128,l
49792,64128,l
50048,64128,l
50304,64128,l
50560,64128,l
50816,64128,l
51072,64128,l
51328,64128,l
51584,64128,l
51840,64128,l
52096,64128,l
52352,64128,l
52608,64128,l
52864,64128,l
53120,64128,l
53376,64128,l
53632,64128,l
53888,64128,l
54144,64128,l
54400,64128,l
54656,64128,l
54912,64128,l
55168,64128,l
55424,64128,l
55680,64128,l
55936,64128,l
56192,64128,l
56448,64128,l
56704,64128,l
46464,64384,l
46720,64384,l
46976,64384,l
47232,64384,l
47488,64384,l
47744,64384,l
48000,64384,l
48256,64384,l
48512,64384,l
48768,64384,l
49024,64384,l
49280,64384,l
49536,64384,l
49792,64384,l
50048,64384,l
50304,64384,l
50560,64384,l
50816,64384,l
51072,64384,l
51328,64384,l
51584,64384,l
51840,64384,l
52096,64384,l
52352,64384,l
52608,64384,l
52864,64384,l
53120,64384,l
53376,64384,l
53632,64384,l
53888,64384,l
54144,64384,l
54400,64384,l
54656,64384,l
54912,64384,l
55168,64384,l
55424,64384,l
55680,64384,l
55936,64384,l
56192,64384,l
56448,64384,l
56704,64384,l
56960,64384,l
57216,64384,l
16000,64640,a
46464,64640,l
46720,64640,l
46976,64640,l
47232,64640,l
47488,64640,l
47744,64640,l
48000,64640,l
48256,64640,l
48512,64640,l
48768,64640,l
49024,64640,l
49280,64640,l
49536,64640,l
49792,64640,l
50048,64640,l
50304,64640,l
50560,64640,l
50816,64640,l
51072,64640,l
51328,64640,l
51584,64640,l
51840,64640,l
52096,64640,l
52352,64640,l
52608,64640,l
52864,64640,l
53120,64640,l
53376,64640,l
53632,64640,l
53888,64640,l
54144,64640,l
54400,64640,l
54656,64640,l
54912,64640,l
55168,64640,l
55424,64640,l
55680,64640,l
55936,64640,l
56192,64640,l
56448,64640,l
56704,64640,l
56960,64640,l
57216,64640,l
57472,64640,l
78208,64640,a
16000,64896,a
46464,64896,l
46720,64896,l
46976,64896,l
47232,64896,l
47488,64896,l
47744,64896,l
48000,64896,l
48256,64896,l
48512,64896,l
48768,64896,l
49024,64896,l
49280,64896,l
49536,64896,l
49792,64896,l
50048,64896,l
50304,64896,l
50560,64896,l
50816,64896,l
51328,64896,l
51584,64896,l
51840,64896,l
52096,64896,l
52352,64896,l
52608,64896,l
52864,64896,l
53120,64896,l
53376,64896,l
53632,64896,l
53888,64896,l
54144,64896,l
54400,64896,l
54656,64896,l
54912,64896,l
55168,64896,l
55424,64896,l
55680,64896,l
55936,64896,l
56192,64896,l
56448,64896,l
56704,64896,l
56960,64896,l
57216,64896,l
57472,64896,l
57728,64896,l
46464,65152,l
46720,65152,l
46976,65152,l
47232,65152,l
47488,65152,l
47744,65152,l
48000,65152,l
48256,65152,l
48512,65152,l
48768,65152,l
49024,65152,l
49280,65152,l
49536,65152,l
49792,65152,l
50048,65152,l
50304,65152,l
50560,65152,l
50816,65152,l
51072,65152,l
51328,65152,l
51584,65152,l
51840,65152,l
52096,65152,l
52352,65152,l
52608,65152,l
52864,65152,l
53120,65152,l
53376,65152,l
53632,65152,l
53888,65152,l
54144,65152,l
54400,65152,l
54656,65152,l
54912,65152,l
55168,65152,l
55424,65152,l
55680,65152,l
55936,65152,l
56192,65152,l
56448,65152,l
56704,65152,l
56960,65152,l
57216,65152,l
57472,65152,l
57728,65152,l
57984,65152,l
46720,65408,l
46976,65408,l
47232,65408,l
47488,65408,l
47744,65408,l
48000,65408,l
48256,65408,l
48512,65408,l
48768,65408,l
49024,65408,l
49280,65408,l
49536,65408,l
49792,65408,l
50048,65408,l
50304,65408,l
50560,65408,l
50816,65408,l
51072,65408,l
51328,65408,l
51584,65408,l
51840,65408,l
52096,65408,l
52352,65408,l
52608,65408,l
52864,65408,l
53120,65408,l
53376,65408,l
53632,65408,l
53888,65408,l
54144,65408,l
54400,65408,l
54656,65408,l
54912,65408,l
55168,65408,l
55424,65408,l
55680,65408,l
55936,65408,l
56192,65408,l
56448,65408,l
56704,65408,l
56960,65408,l
57216,65408,l
57472,65408,l
57728,65408,l
46720,65664,l
46976,65664,l
47232,65664,l
47488,65664,l
47744,65664,l
48000,65664,l
48256,65664,l
48512,65664,l
48768,65664,l
49024,65664,l
49280,65664,l
49536,65664,l
49792,65664,l
50048,65664,l
50304,65664,l
50560,65664,l
50816,65664,l
51072,65664,l
51328,65664,l
51584,65664,l
51840,65664,l
52096,65664,l
52352,65664,l
52608,65664,l
52864,65664,l
53120,65664,l
53376,65664,l
53632,65664,l
53888,65664,l
54144,65664,l
54400,65664,l
54656,65664,l
54912,65664,l
55168,65664,l
55424,65664,l
55680,65664,l
55936,65664,l
56192,65664,l
56448,65664,l
56704,65664,l
56960,65664,l
57216,65664,l
57472,65664,l
57728,65664,l
46720,65920,l
46976,65920,l
47232,65920,l
47488,65920,l
47744,65920,l
48000,65920,l
48256,65920,l
48512,65920,l
48768,65920,l
49024,65920,l
49280,65920,l
49536,65920,l
49792,65920,l
50048,65920,l
50304,65920,l
50560,65920,l
50816,65920,l
51072,65920,l
51328,65920,l
51584,65920,l
51840,65920,l
52096,65920,l
52352,65920,l
52608,65920,l
52864,65920,l
53120,65920,l
53376,65920,l
53632,65920,l
53888,65920,l
54144,65920,l
54400,65920,l
54656,65920,l
54912,65920,l
55168,65920,l
55424,65920,l
55680,65920,l
55936,65920,l
56192,65920,l
56448,65920,l
56704,65920,l
56960,65920,l
57216,65920,l
57472,65920,l
46720,66176,l
46976,66176,l
47232,66176,l
47488,66176,l
47744,66176,l
48000,66176,l
48256,66176,l
48512,66176,l
48768,66176,l
49024,66176,l
49280,66176,l
49536,66176,l
49792,66176,l
50048,66176,l
50304,66176,l
50560,66176,l
50816,66176,l
51072,66176,l
51328,66176,l
51584,66176,l
51840,66176,l
52096,66176,l
52352,66176,l
52608,66176,l
52864,66176,l
53120,66176,l
53376,66176,l
53632,66176,l
53888,66176,l
54144,66176,l
54400,66176,l
54656,66176,l
54912,66176,l
55168,66176,l
55424,66176,l
55680,66176,l
55936,66176,l
56192,66176,l
56448,66176,l
56704,66176,l
56960,66176,l
57216,66176,l
57472,66176,l
57728,66176,l
46720,66432,l
46976,66432,l
47232,66432,l
47488,66432,l
47744,66432,l
48000,66432,l
48256,66432,l
48512,66432,l
48768,66432,l
49024,66432,l
49280,66432,l
49536,66432,l
49792,66432,l
50048,66432,l
50304,66432,l
50560,66432,l
50816,66432,l
51072,66432,l
51328,66432,l
51584,66432,l
51840,66432,l
52096,66432,l
52352,66432,l
52608,66432,l
52864,66432,l
53120,66432,l
53376,66432,l
53632,66432,l
53888,66432,l
54144,66432,l
54400,66432,l
54656,66432,l
54912,66432,l
55168,66432,l
55424,66432,l
55680,66432,l
55936,66432,l
56192,66432,l
56448,66432,l
56704,66432,l
56960,66432,l
57216,66432,l
57472,66432,l
57728,66432,l
57984,66432,l
58240,66432,l
23168,66688,a
46720,66688,l
46976,66688,l
47232,66688,l
47488,66688,l
47744,66688,l
48000,66688,l
48256,66688,l
48512,66688,l
48768,66688,l
49024,66688,l
49280,66688,l
49536,66688,l
50304,66688,l
50560,66688,l
50816,66688,l
51072,66688,l
51328,66688,l
51584,66688,l
51840,66688,l
52096,66688,l
52352,66688,l
52608,66688,l
52864,66688,l
53120,66688,l
53376,66688,l
53632,66688,l
53888,66688,l
54144,66688,l
54400,66688,l
54656,66688,l
54912,66688,l
55168,66688,l
55424,66688,l
55680,66688,l
55936,66688,l
56192,66688,l
56448,66688,l
56704,66688,l
56960,66688,l
57216,66688,l
57472,66688,l
57728,66688,l
57984,66688,l
58240,66688,l
58496,66688,l
22912,66944,a
46976,66944,l
47232,66944,l
47488,66944,l
47744,66944,l
48000,66944,l
48256,66944,l
48512,66944,l
48768,66944,l
49024,66944,l
49280,66944,l
50560,66944,l
50816,66944,l
51072,66944,l
51328,66944,l
51840,66944,l
52096,66944,l
52352,66944,l
52608,66944,l
52864,66944,l
53120,66944,l
53376,66944,l
53632,66944,l
53888,66944,l
54144,66944,l
54400,66944,l
54656,66944,l
54912,66944,l
55168,66944,l
55424,66944,l
55680,66944,l
55936,66944,l
56192,66944,l
56448,66944,l
56704,66944,l
56960,66944,l
57216,66944,l
57472,66944,l
57728,66944,l
57984,66944,l
58240,66944,l
58496,66944,l
58752,66944,l
59008,66944,l
23680,67200,a
24960,67200,a
46976,67200,l
47232,67200,l
47488,67200,l
47744,67200,l
48000,67200,l
48256,67200,l
48512,67200,l
48768,67200,l
52608,67200,l
52864,67200,l
53120,67200,l
53376,67200,l
53632,67200,l
53888,67200,l
54144,67200,l
54400,67200,l
54656,67200,l
54912,67200,l
55168,67200,l
55424,67200,l
55680,67200,l
55936,67200,l
56192,67200,l
56448,67200,l
56704,67200,l
56960,67200,l
57216,67200,l
57472,67200,l
57728,67200,l
57984,67200,l
58240,67200,l
58496,67200,l
58752,67200,l
47232,67456,l
47488,67456,l
47744,67456,l
48000,67456,l
48256,67456,l
48512,67456,l
53376,67456,l
53632,67456,l
53888,67456,l
54144,67456,l
54400,67456,l
54656,67456,l
54912,67456,l
55168,67456,l
55424,67456,l
55680,67456,l
55936,67456,l
56192,67456,l
56448,67456,l
56704,67456,l
56960,67456,l
57216,67456,l
57472,67456,l
57728,67456,l
57984,67456,l
58240,67456,l
58496,67456,l
47232,67712,l
47488,67712,l
47744,67712,l
48000,67712,l
48256,67712,l
53632,67712,l
53888,67712,l
54144,67712,l
54400,67712,l
54656,67712,l
54912,67712,l
55168,67712,l
55424,67712,l
55680,67712,l
55936,67712,l
56192,67712,l
56448,67712,l
56704,67712,l
56960,67712,l
57216,67712,l
57472,67712,l
57728,67712,l
47488,67968,l
47744,67968,l
48000,67968,l
48256,67968,l
54400,67968,l
54656,67968,l
54912,67968,l
55168,67968,l
55424,67968,l
55680,67968,l
55936,67968,l
56192,67968,l
56448,67968,l
56704,67968,l
56960,67968,l
57216,67968,l
57472,67968,l
47744,68224,l
48000,68224,l
54912,68224,l
55168,68224,l
55424,68224,l
55680,68224,l
55936,68224,l
56192,68224,l
56448,68224,l
56704,68224,l
56960,68224,l
57216,68224,l
55936,68480,l
56192,68480,l
56448,68480,l
56704,68480,l
56960,68480,l
56448,68736,l
56704,68736,l
49792,69504,l
50048,69504,l
49792,69760,l
112512,71296,a
112256,71552,a
112512,71552,a
51584,72064,l
51840,72064,l
23424,72320,a
51328,72320,l
51584,72320,l
51840,72320,l
52096,72320,l
52352,72320,l
51328,72576,l
51584,72576,l
51840,72576,l
52096,72576,l
52352,72576,l
52608,72576,l
51328,72832,l
51584,72832,l
51840,72832,l
52096,72832,l
52352,72832,l
52608,72832,l
51584,73088,l
51840,73088,l
52096,73088,l
52352,73088,l
52608,73088,l
52864,73088,l
51584,73344,l
51840,73344,l
52096,73344,l
52352,73344,l
52608,73344,l
52864,73344,l
53120,73344,l
51840,73600,l
52096,73600,l
52352,73600,l
52608,73600,l
52864,73600,l
53120,73600,l
52352,73856,l
52608,73856,l
52864,73856,l
40576,74624,a
68736,76160,a
2432,76928,a
22912,77184,a
10368,79232,a
10624,79232,a
10368,79488,a
10624,79488,a
10880,79488,a
109952,79488,a
110208,79488,a
4992,79744,a
5248,79744,a
10880,79744,a
11136,79744,a
10880,80000,a
92288,80256,a
82560,84608,a
82816,84608,a
83072,84608,a
83328,84608,a
83328,84864,a
83584,84864,a
83840,84864,a
84096,84864,a
84352,84864,a
84608,84864,a
84608,85120,a
84864,85120,a
85120,85120,a
85376,85120,a
85376,85376,a
85632,85376,a
85888,85376,a
86144,85376,a
86144,85632,a
86400,85632,a
86656,85888,a
66176,86144,a
86912,86144,a
81536,86400,a
84608,86400,a
87424,86656,a
73344,86912,a
108928,86912,a
118144,86912,a
108928,87168,a
85632,87680,a
85888,87680,a
86400,87680,a
86656,87680,a
107136,87936,a
108928,87936,a
109184,87936,a
109440,87936,a
109696,87936,a
116096,87936,a
71808,88192,a
88192,88192,a
90240,88192,a
90496,88192,a
90752,88192,a
91008,88192,a
91776,88192,a
92032,88192,a
106368,88192,a
106624,88192,a
106880,88192,a
107136,88192,a
108928,88192,a
109184,88192,a
109440,88192,a
110976,88192,a
